run,label,image_set,n_images,dataset,model.name,model.dim,data.mode,data.path,data.batch_size,data.crop_size,training.seed,training.max_iterations,loss.mode,loss.recon_weight,loss.anchor_version,loss.anchor_weight,loss.bdsp_weight,loss.smooth_weight,loss.smooth_version,full_sample_count,full_selection_metric,full_selected_checkpoint_step,full_selected_value,full_total_loss,full_recon_loss,full_recon_weighted_loss,full_anchor_loss,full_anchor_weighted_loss,full_bdsp_loss,full_bdsp_weighted_loss,full_smooth_loss,full_smooth_weighted_loss,input_low_mean_mean,input_low_mean_median,input_low_mean_p05,input_low_mean_p95,input_low_gray_std_mean,input_low_gray_std_median,input_low_gray_std_p05,input_low_gray_std_p95,r_low_mean_mean,r_low_mean_median,r_low_mean_p05,r_low_mean_p95,r_low_std_mean,r_low_std_median,r_low_std_p05,r_low_std_p95,r_low_gray_std_mean,r_low_gray_std_median,r_low_gray_std_p05,r_low_gray_std_p95,r_low_bright_095_mean,r_low_bright_095_median,r_low_bright_095_p05,r_low_bright_095_p95,r_low_dark_005_mean,r_low_dark_005_median,r_low_dark_005_p05,r_low_dark_005_p95,r_low_mean_gain_vs_input_mean,r_low_mean_gain_vs_input_median,r_low_mean_gain_vs_input_p05,r_low_mean_gain_vs_input_p95,r_low_contrast_gain_vs_input_mean,r_low_contrast_gain_vs_input_median,r_low_contrast_gain_vs_input_p05,r_low_contrast_gain_vs_input_p95,r_low_tv_to_input_mean,r_low_tv_to_input_median,r_low_tv_to_input_p05,r_low_tv_to_input_p95,r_low_input_gray_corr_mean,r_low_input_gray_corr_median,r_low_input_gray_corr_p05,r_low_input_gray_corr_p95,r_low_input_chroma_l1_mean,r_low_input_chroma_l1_median,r_low_input_chroma_l1_p05,r_low_input_chroma_l1_p95,l_low_mean_mean,l_low_mean_median,l_low_mean_p05,l_low_mean_p95,l_low_std_mean,l_low_std_median,l_low_std_p05,l_low_std_p95,l_low_bright_095_mean,l_low_bright_095_median,l_low_bright_095_p05,l_low_bright_095_p95,l_low_tv_to_input_mean,l_low_tv_to_input_median,l_low_tv_to_input_p05,l_low_tv_to_input_p95,l_low_input_gray_corr_mean,l_low_input_gray_corr_median,l_low_input_gray_corr_p05,l_low_input_gray_corr_p95,self_low_l1_mean,self_low_l1_median,self_low_l1_p05,self_low_l1_p95,self_low_psnr_mean,self_low_psnr_median,self_low_psnr_p05,self_low_psnr_p95,anchor_target_mean,anchor_target_median,anchor_target_p05,anchor_target_p95,anchor_abs_error_mean,anchor_abs_error_median,anchor_abs_error_p05,anchor_abs_error_p95,r_low_highref_mean_ratio_abs_err,rank_self_recon,rank_r_noise,rank_l_leakage_corr,rank_anchor_diagnostic,rank_r_bright,rank_full_recon,canonical_anchor_penalty,pure_single_rank_score,input_low_highref_psnr_mean,input_low_highref_psnr_median,input_low_highref_psnr_p05,input_low_highref_psnr_p95,r_low_highref_l1_mean,r_low_highref_l1_median,r_low_highref_l1_p05,r_low_highref_l1_p95,r_low_highref_psnr_mean,r_low_highref_psnr_median,r_low_highref_psnr_p05,r_low_highref_psnr_p95,r_low_highref_ssim_mean,r_low_highref_ssim_median,r_low_highref_ssim_p05,r_low_highref_ssim_p95,r_low_highref_mean_ratio_mean,r_low_highref_mean_ratio_median,r_low_highref_mean_ratio_p05,r_low_highref_mean_ratio_p95,r_low_highref_overbright_010_mean,r_low_highref_overbright_010_median,r_low_highref_overbright_010_p05,r_low_highref_overbright_010_p95,r_low_highref_chroma_l1_mean,r_low_highref_chroma_l1_median,r_low_highref_chroma_l1_p05,r_low_highref_chroma_l1_p95,r_low_highref_gray_corr_mean,r_low_highref_gray_corr_median,r_low_highref_gray_corr_p05,r_low_highref_gray_corr_p95,r_low_highref_psnr_gain_vs_input_mean,r_low_highref_psnr_gain_vs_input_median,r_low_highref_psnr_gain_vs_input_p05,r_low_highref_psnr_gain_vs_input_p95,rank_highref,rank_highref_scale,rank_highref_overbright
BDDnight_0.3r_0.05anchorv2_0.05bdsp_0.1smv1_20260716-102043,r0.3-a2-sm0.1v1,final_best,250,BDDnight,RetinexPixelTrans,24,pure_low_single,/home/ipr4090/2024_hzf/Datasets/BDDnight,4,512,42,10000,pure_low_single_pixel,0.3,v2,0.05,0.05,0.1,v1,3929,total_loss,10000,0.006537249148959617,0.006537249148959617,0.006236947429470469,0.0018710843051259174,0.032369980891964065,0.0016184990724738802,0.051811643307955096,0.002590582211928328,0.004570835546255453,0.00045708356217594853,0.12402331176400185,0.115222979336977,0.04433740135282278,0.23794283866882315,0.12848626284301282,0.1253480166196823,0.06471055001020432,0.20396742671728135,0.6725956214666367,0.6782518625259399,0.5162825047969818,0.8121347218751906,0.20223826920986177,0.20163863897323608,0.1312173381447792,0.27130024284124377,0.15811331671476364,0.15602653473615646,0.09631337076425553,0.2177925288677215,0.10384117766203704,0.09214644820601853,0.033261121961805556,0.2195824471932869,1.6941550925925927e-06,0.0,0.0,3.0924479166666607e-06,6.658635758249843,6.001718959200694,3.168604477853096,12.116353471156092,1.426311031723154,1.192341883363345,0.6078150295980758,2.9485064040027122,4.988557731579425,4.337185423300008,2.2679253807087054,9.220141370758274,0.6095218203060828,0.6054193950824618,0.4897178258817946,0.7499532797393568,0.026726983526721596,0.019300409592688084,0.008167660422623157,0.07138872072100638,0.15384549087285995,0.14442037045955658,0.06117616109549999,0.2908737286925316,0.1350158257484436,0.13116945326328278,0.06681637838482857,0.2115745931863784,0.006587274305555555,0.0035801866319444446,0.0001875,0.01967089843749999,0.7036927961485627,0.701773109439118,0.6085581119681875,0.7989778729409199,0.9793737645553724,0.9834992021888225,0.953121818084385,0.9936153477279625,0.0070030844770371916,0.006390796974301338,0.004025858826935291,0.011999284150078891,36.881276660872416,36.89925332099794,32.48256076900279,41.552908435116564,0.12402331176400185,0.115222979336977,0.04433740135282278,0.23794283866882315,0.029822179108858107,0.027410008013248444,0.01518421582877636,0.05112742707133291,nan,4,4,3,2,4,4,0,42,,,,,,,,,,,,,,,,,,,,,,,,,,,,,,,,,,,,,,,
BDDnight_0.3r_0.05anchorv2_0.05bdsp_0.5smv1_20260716-123043,r0.3-a2-sm0.5v1,final_best,250,BDDnight,RetinexPixelTrans,24,pure_low_single,/home/ipr4090/2024_hzf/Datasets/BDDnight,4,512,42,10000,pure_low_single_pixel,0.3,v2,0.05,0.05,0.5,v1,3929,total_loss,10000,0.007828976373743104,0.007828976373743104,0.009001591496243523,0.0027004775588113134,0.028436089658455014,0.0014218045085628622,0.054676983497902225,0.0027338492228479124,0.00194569014930862,0.00097284507465431,0.12402331176400185,0.115222979336977,0.04433740135282278,0.23794283866882315,0.12848626284301282,0.1253480166196823,0.06471055001020432,0.20396742671728135,0.7013406759500503,0.7013734579086304,0.5703753083944321,0.8259140640497207,0.20568215721845626,0.20272844284772873,0.1323707565665245,0.28935547173023224,0.15094604533910752,0.15074090659618378,0.10442747659981251,0.19566479250788688,0.12234256365740741,0.11321759259259259,0.048784830729166666,0.2235451750578703,0.0008242505787037037,2.6945891203703703e-05,1.4467592592592592e-06,0.0012672706886574072,7.075371895292722,6.180387067288756,3.181258270677138,13.418213149321012,1.3445503736565112,1.1463979780488687,0.6473913568349103,2.6306902811064,22.234039830992717,16.31549261981923,7.504653465843907,50.52170965216939,0.5286943334922828,0.5282679414834371,0.3750353224644619,0.6795257724158252,0.03920478416606784,0.0297790989279747,0.014500382728874684,0.0953984286636114,0.14985896757990122,0.13970104604959488,0.055324604175984865,0.29100446999073026,0.13611511945724486,0.1320813000202179,0.06733908206224443,0.21321243494749062,0.006462821180555555,0.0033935546875,0.00018473307291666668,0.019865831163194406,0.6556497001059641,0.6533142166038199,0.5532825620334989,0.7601508125233591,0.9765598217202288,0.9807659677655116,0.9505984754955938,0.9920824549006977,0.009833170345053077,0.009109263774007559,0.00552270570769906,0.01617812355980277,34.00493240308719,33.838911551396976,29.9973429752383,38.54058074304493,0.12402331176400185,0.115222979336977,0.04433740135282278,0.23794283866882315,0.02583565581589937,0.023449517786502838,0.009732050821185112,0.05128760114312168,nan,5,5,2,1,5,5,0,49,,,,,,,,,,,,,,,,,,,,,,,,,,,,,,,,,,,,,,,
BDDnight_1.0r_0.05anchorv2_0.05bdsp_0.0smv1_20260715-233953,r1-a2-sm0v1,final_best,250,BDDnight,RetinexPixelTrans,24,pure_low_single,/home/ipr4090/2024_hzf/Datasets/BDDnight,4,512,42,10000,pure_low_single_pixel,1.0,v2,0.05,0.05,0.0,v1,3929,total_loss,10000,0.00954168740390677,0.00954168740390677,0.003551824143989361,0.003551824143989361,0.04638473213394048,0.002319236643408295,0.07341253094339104,0.0036706266083609295,,,0.12402331176400185,0.115222979336977,0.04433740135282278,0.23794283866882315,0.12848626284301282,0.1253480166196823,0.06471055001020432,0.20396742671728135,0.6137149119377137,0.6184758543968201,0.46250949054956436,0.7546322822570801,0.18917023929953575,0.1890181452035904,0.1265642486512661,0.2542557299137114,0.14228401781618596,0.14449621737003326,0.09075894244015217,0.18077283799648286,0.0353598582175926,0.024766167534722223,0.004100495515046297,0.1130433485243055,7.868778935185184e-05,3.616898148148148e-07,0.0,0.00028389033564814705,6.014642131115576,5.4636750762703015,2.968526564572076,10.634134738238991,1.2575451607656798,1.1269393219980022,0.5840214069759315,2.3247451524020075,3.3155531189382557,2.89325955910621,1.4815794724577067,6.373097739957807,0.7131480070105414,0.7145277889575773,0.6205417288443307,0.8183650651766523,0.015661408921703698,0.010859665460884571,0.0047349400119856,0.044254266098141634,0.16801612292230128,0.15859201550483704,0.0736117534339428,0.306708912551403,0.13890404629707337,0.1341053992509842,0.06996836923062802,0.21564416140317916,0.008184340277777778,0.004717881944444445,0.00035134548611111114,0.026282714843749985,0.8484165630510916,0.8428746692648231,0.7562785461825311,0.9687398161294549,0.9831216618130982,0.9873513517779959,0.9586329861960206,0.9956809827468969,0.00411280181678012,0.0036915068048983812,0.0022870380082167683,0.006969666457735,41.40713518771281,41.34517841317441,36.40099703751303,46.63896206644892,0.12402331176400185,0.115222979336977,0.04433740135282278,0.23794283866882315,0.04399281115829944,0.04262469708919525,0.026648358441889286,0.0719378776848316,nan,1,1,5,3,3,1,0,21,,,,,,,,,,,,,,,,,,,,,,,,,,,,,,,,,,,,,,,
BDDnight_1.0r_0.05anchorv2_0.05bdsp_0.1smv1_20260716-060543,r1-a2-sm0.1v1,final_best,250,BDDnight,RetinexPixelTrans,24,pure_low_single,/home/ipr4090/2024_hzf/Datasets/BDDnight,4,512,42,10000,pure_low_single_pixel,1.0,v2,0.05,0.05,0.1,v1,3929,total_loss,10000,0.010109085442446653,0.010109085442446653,0.003581836367261587,0.003581836367261587,0.04875776098486909,0.0024378880927517924,0.07116626612282673,0.0035583133635993646,0.00531047604078288,0.0005310476135301811,0.12402331176400185,0.115222979336977,0.04433740135282278,0.23794283866882315,0.12848626284301282,0.1253480166196823,0.06471055001020432,0.20396742671728135,0.6034534550905227,0.6104469895362854,0.4459217920899391,0.7458004087209702,0.189733438372612,0.1909596249461174,0.1264391325414181,0.2500821255147456,0.14549435833096505,0.14739691466093063,0.0902380246669054,0.19008388370275497,0.02648214699074074,0.017926793981481483,0.003629701967592593,0.08265001085069443,0.00016213541666666668,1.6276041666666666e-06,0.0,0.0006049985532407401,5.893229844657922,5.376773407270248,2.9246458915529203,10.309137166904339,1.2906550014001676,1.144747753200853,0.5878680264583116,2.4508376316791525,3.531574426621654,3.0783460211823113,1.6437672319851382,6.670115196500859,0.7063636804002907,0.7073113928903869,0.6116520550938029,0.8122147635299141,0.015572185995988547,0.010837488807737827,0.004658448277041316,0.04361524805426596,0.1703963358476758,0.16100025177001953,0.0748543068766594,0.31136805117130273,0.13962814128398895,0.13476496934890747,0.07009102590382099,0.21652256250381463,0.00819,0.004644097222222222,0.0003318142361111112,0.026450954861111084,0.7745691471167866,0.7720273529936114,0.6797059718377292,0.875452047758042,0.9809355562596174,0.9849862437554469,0.9570587443691002,0.9945633173829393,0.004157714799046516,0.0037680830573663116,0.002335147256962955,0.00696273981593549,40.95214116137729,40.86935071130184,36.025128230604196,46.104887036065506,0.12402331176400185,0.115222979336977,0.04433740135282278,0.23794283866882315,0.046373024083673955,0.0449863076210022,0.028064182586967946,0.07627192214131354,nan,2,2,4,4,2,2,0,26,,,,,,,,,,,,,,,,,,,,,,,,,,,,,,,,,,,,,,,
BDDnight_1.0r_0.05anchorv2_0.05bdsp_0.5smv1_20260716-081309,r1-a2-sm0.5v1,final_best,250,BDDnight,RetinexPixelTrans,24,pure_low_single,/home/ipr4090/2024_hzf/Datasets/BDDnight,4,512,42,10000,pure_low_single_pixel,1.0,v2,0.05,0.05,0.5,v1,3929,total_loss,10000,0.01173118590743495,0.01173118590743495,0.003776435276704868,0.003776435276704868,0.05106303031627657,0.0025531515595177225,0.06592766446606382,0.0032963832731522976,0.004210431512682723,0.0021052157563413616,0.12402331176400185,0.115222979336977,0.04433740135282278,0.23794283866882315,0.12848626284301282,0.1253480166196823,0.06471055001020432,0.20396742671728135,0.5992704620361328,0.5994989275932312,0.46326519548892975,0.7272234708070755,0.1890203456580639,0.18907218426465988,0.1324027068912983,0.24713335037231443,0.1456995265483856,0.14522194862365723,0.10085858628153802,0.1870893448591232,0.020688337673611112,0.015610894097222223,0.004975278501157407,0.05020959924768518,0.0005072019675925926,9.403935185185186e-06,0.0,0.001147298177083332,5.915672523777341,5.306036365038491,2.840473519689103,10.6429128210682,1.2844305010586867,1.135505892522563,0.637041450710959,2.4164370928399155,3.9058735190096527,3.444752579290518,1.9597118525702002,7.110266638520626,0.6877047034223527,0.6899283567673747,0.5954630713239417,0.7972966070909344,0.015549093619920313,0.010987404268234968,0.004781458876095712,0.043144202604889846,0.1728475946560502,0.16346192359924316,0.07180148772895337,0.3192671909928322,0.14165252062678338,0.13796032220125198,0.07109733149409295,0.22029729634523393,0.008207821180555555,0.004380425347222222,0.00026768663194444447,0.02690337456597222,0.6472086803698601,0.6435618584006746,0.5410597660179022,0.7516514975966584,0.97292319558484,0.9765238408727117,0.9486664299801935,0.9898878093608892,0.004499431997537613,0.004126246552914381,0.0025936900172382595,0.007337292144075034,39.834992290772604,39.68966202547588,35.51032670142462,44.91779900228939,0.12402331176400185,0.115222979336977,0.04433740135282278,0.23794283866882315,0.04882428289204836,0.04769250378012657,0.025735479407012464,0.08356198146939278,nan,3,3,1,5,1,3,0,27,,,,,,,,,,,,,,,,,,,,,,,,,,,,,,,,,,,,,,,
LOLv2_0.3r_0.05anchorv2_0.05bdsp_0.1smv1_20260714-223238,r0.3-a2-sm0.1v1,best,100,LOLv2,RetinexPixelTrans,24,pure_low_single,datasets/LOLv2,8,384,42,10000,pure_low_single_pixel,0.3,v2,0.05,0.05,0.1,v1,,,,,,,,,,,,,,0.055691269244998697,0.046056926250457764,0.01882943119853735,0.12520217970013617,0.042298272466287014,0.03508896380662918,0.014242716925218703,0.10489877574145794,0.5845889434218406,0.577194094657898,0.46833413243293764,0.7270409852266312,0.22042792193591595,0.22552503645420074,0.16448673531413077,0.26257694512605667,0.1897458716481924,0.19064898043870926,0.14107247292995453,0.23124215006828305,0.020891805555555556,0.01255138888888889,0.0022382638888888895,0.061523888888888885,0.0006728472222222221,6.527777777777778e-05,0.0,0.004001111111111108,13.108532383396957,12.200793814649629,5.657259688135952,27.22706960231814,5.746111297802245,5.168313912293089,1.764305601220879,10.13783360249704,11.529113344963967,11.120284849574974,6.436785823648272,19.371427730596864,0.8039152145875467,0.8284993124466816,0.6293138784777569,0.9444543338120293,0.08851968940347434,0.08585638925433159,0.022681799437850717,0.1729198172688484,0.07328192183747888,0.062305549159646034,0.025766230840235948,0.15116286277770996,0.04125954042188823,0.03409760259091854,0.014388235611841082,0.11042017862200737,0.0,0.0,0.0,0.0,0.15886604708839902,0.15373591319835817,0.09503933526011313,0.22643202532328688,0.8932692605109847,0.9016765349772191,0.7721155281672627,0.9750435856744477,0.008927341285161674,0.008465064223855734,0.0063058784231543544,0.012448951788246631,36.99525452234873,37.14280316261633,32.29832758098995,41.01231667767059,0.055691269244998697,0.046056926250457764,0.01882943119853735,0.12520217970013617,0.01759065259248018,0.01712566614151001,0.006635595671832562,0.029881707206368444,0.6386134518000777,9,18,16,2,17,1,0,252,9.718215424642969,9.825046727604462,6.128033403386111,12.716967267530812,0.23120524816215038,0.21835795044898987,0.11565615199506284,0.36507310867309567,12.034625774499588,11.816750324236477,8.212109350358816,16.703520988590377,0.4080727085471153,0.40445417165756226,0.24405486807227136,0.5491571456193924,1.6386134518000777,1.59672731802726,1.1131933169140746,2.249654182599985,0.7507043333333333,0.83414375,0.23407104166666667,0.979228125,0.045741641568019985,0.04083872400224209,0.013689443096518516,0.08143608197569847,0.8448089474614535,0.857089344093576,0.7154904316303408,0.9171354565366566,2.316410349856621,1.9837891184952792,-4.124560496205218,10.796052483704065,18,17,17
LOLv2_0.3r_0.05anchorv2_0.05bdsp_0.5smv1_20260715-015134,r0.3-a2-sm0.5v1,best,100,LOLv2,RetinexPixelTrans,24,pure_low_single,datasets/LOLv2,8,384,42,10000,pure_low_single_pixel,0.3,v2,0.05,0.05,0.5,v1,,,,,,,,,,,,,,0.055691269244998697,0.046056926250457764,0.01882943119853735,0.12520217970013617,0.042298272466287014,0.03508896380662918,0.014242716925218703,0.10489877574145794,0.5858987909555435,0.5799105763435364,0.47167771607637404,0.7281763136386871,0.21979054234921933,0.22506482154130936,0.16507411897182464,0.26146419942378996,0.19008179001510142,0.18839763849973679,0.14028648138046262,0.23076031282544135,0.02361413888888889,0.017613888888888887,0.0033377083333333336,0.059652083333333335,0.0010392222222222222,9.583333333333332e-05,0.0,0.005657499999999998,13.152648517502742,12.152232455152987,5.6938104279638395,27.227323504558978,5.729597723008229,5.272603489998013,1.783426202301039,9.973284967804005,11.696072535076162,11.117245168829456,6.384576100719103,19.208078033717744,0.8079067155270017,0.8255442352566856,0.6435006443366194,0.9420103467010955,0.08710216191597282,0.08337455242872238,0.022339299879968168,0.17040968611836432,0.07377580316737294,0.06255231611430645,0.02656614501029253,0.15076885223388672,0.03874320939183235,0.03247611224651337,0.013593955524265766,0.10333517827093601,0.0,0.0,0.0,0.0,0.11905304668126282,0.11204240985929792,0.0675779797204638,0.17942940130789978,0.8739174270619765,0.8835342907279304,0.7289601481006055,0.9685081449605232,0.009054902740754187,0.008657893165946007,0.006380311050452291,0.012911807838827371,36.59859337516841,36.65417455795858,31.391153985549533,40.8556183151104,0.055691269244998697,0.046056926250457764,0.01882943119853735,0.12520217970013617,0.01808453392237425,0.017861448228359222,0.0074735797941684725,0.028769487887620928,0.6415584604139692,11,19,9,3,18,2,0,249,9.718215424642969,9.825046727604462,6.128033403386111,12.716967267530812,0.23103792801499368,0.21888364851474762,0.11186965890228749,0.35688972473144526,12.059291376171892,11.852111829143468,8.375094790417373,17.102371957608412,0.4060955734550953,0.40530961751937866,0.24556152522563934,0.5446950793266296,1.6415584604139692,1.5832531428731897,1.1192373649879244,2.2560078835362845,0.7629248333333334,0.8423354166666667,0.2670129166666666,0.9778229166666667,0.04260201339609921,0.03939167223870754,0.012983278138563037,0.07618255503475667,0.845693117621827,0.8533635916066775,0.7358348588293772,0.9164194428115745,2.3410759515289232,2.003833168968983,-4.092930951923762,11.105819033937289,17,18,18
LOLv2_0.7r_0.1anchorv2_0.08bdsp_0.1smv2_20260722-024327,r0.7-a2-sm0.1v2,best,100,LOLv2,RetinexPixelTrans,24,pure_low_single,datasets/LOLv2,8,384,42,10000,pure_low_single_pixel,0.7,v2,0.1,0.08,0.1,v2,,,,,,,,,,,,,,0.055691269244998697,0.046056926250457764,0.01882943119853735,0.12520217970013617,0.042298272466287014,0.03508896380662918,0.014242716925218703,0.10489877574145794,0.497928275167942,0.4985930621623993,0.4891397550702095,0.5039254754781722,0.05384845731779933,0.05522562749683857,0.03278431110084057,0.07194842770695686,0.05217221204191446,0.05394493415951729,0.02767125414684415,0.07226745933294296,0.0,0.0,0.0,0.0,0.0,0.0,0.0,0.0,11.901599593960805,10.846994500978601,4.0312702322781515,26.279149564404293,1.7060155518036355,1.5510519057545358,0.3673977264180227,4.162184491121854,7.793871617672874,6.846199600065793,2.9955169575647353,16.05009711318906,0.20521752597644516,0.1975669335490442,0.1313735870560405,0.3279053382070489,0.11147211164236069,0.11046021059155464,0.03628724925220012,0.1936405204236507,0.10469971993938089,0.08750192075967789,0.02872293395921588,0.24524921625852583,0.06864748178049922,0.04347348399460316,0.02414922779425979,0.18108563423156737,6.791666666666667e-06,0.0,0.0,0.0,0.30107441675283114,0.28060163501678226,0.1963813003669678,0.4913220454702267,0.6752582291261361,0.7202508798923293,0.12456802859720734,0.9355790072889478,0.019808928342536093,0.01879770215600729,0.013950268737971783,0.025984746031463144,30.804283574119186,30.91413451278241,28.407318594308883,34.390171209565956,0.055691269244998697,0.046056926250457764,0.01882943119853735,0.12520217970013617,0.04900845069438219,0.0417315810918808,0.00962656969204545,0.12093048356473446,0.403766678569744,18,9,1,16,1,3,0,137,9.718215424642969,9.825046727604462,6.128033403386111,12.716967267530812,0.18489105999469757,0.18358749151229858,0.13279344737529752,0.251462759077549,13.385545498317326,13.239603942947578,10.677638397015356,15.664150939670067,0.32292772382497786,0.30771373212337494,0.2021099679172039,0.48389149308204654,1.403766678569744,1.317388586540531,0.9828080793893078,1.9525104415032215,0.6241002083333334,0.6051979166666667,0.26682625,0.9266654166666667,0.04105349576100707,0.03864540904760361,0.019871856737881898,0.06771864406764508,0.16092851126991473,0.15937055748876888,0.07120106750361904,0.23151211301650845,3.6673300736743584,4.0210061668646695,-1.7321947198404646,8.376090982368682,11,5,5
LOLv2_1.0r_0.05anchorv1_0.05bdsp_0.0smv1_20260714-024244,r1-a1-sm0v1,best,100,LOLv2,RetinexPixelTrans,24,pure_low_single,datasets/LOLv2,8,384,42,10000,pure_low_single_pixel,1.0,v1,0.05,0.05,0.0,v1,,,,,,,,,,,,,,0.055691269244998697,0.046056926250457764,0.01882943119853735,0.12520217970013617,0.042298272466287014,0.03508896380662918,0.014242716925218703,0.10489877574145794,0.5047271853685379,0.49921612441539764,0.4038624167442322,0.6335401266813279,0.215256482437253,0.2212122455239296,0.15751756504178047,0.25053624957799914,0.16320396520197392,0.16605494916439056,0.11816470995545388,0.2026165664196014,0.0039481805555555555,0.0021756944444444445,0.0002192361111111111,0.016224375,0.0016696527777777777,0.0005708333333333333,3.3194444444444444e-05,0.005955833333333331,11.291977842225476,10.641503446732301,5.010620591427878,23.214009252173994,4.869137687961211,4.530179714633263,1.551449999064041,8.83868074940645,10.973395595634367,10.067849160463105,5.70078294798387,18.526562166444684,0.7983367276147787,0.8160539263018286,0.6633992127370196,0.9112681246706884,0.042525375480763614,0.04076569154858589,0.010122052626684308,0.09159061536192893,0.09155802611261606,0.0807974673807621,0.036684892140328884,0.17782449647784235,0.04562745078466832,0.03697351925075054,0.01719720792025328,0.11608459800481796,0.0,0.0,0.0,0.0,0.19758264362313022,0.1915700454377589,0.11900509721441248,0.26660521336914905,0.8948604146312925,0.9056903040097135,0.756112983983707,0.9802132584945867,0.004060194035992027,0.0038697123527526855,0.0027767801424488426,0.00588103134650737,41.97694864586807,41.686625009400956,34.554650222154336,47.796099104022915,0.06862152436748147,0.06045062467455864,0.02881842404603958,0.13796107545495034,0.02293650174513459,0.02272970601916313,0.010335162281990051,0.03985417522490025,0.4124963748220558,1,13,17,4,11,4,12,132,9.718215424642969,9.825046727604462,6.128033403386111,12.716967267530812,0.176359061896801,0.15589087456464767,0.11145393066108226,0.26004658490419386,13.857192657860098,14.091837028616021,10.702533043708838,16.951230400722604,0.38639099165797236,0.37686578929424286,0.2192971386015415,0.5656081020832062,1.4124963748220558,1.3715886135787099,0.9850829091402538,1.9218706475186993,0.63616275,0.6589895833333332,0.1364816666666667,0.9695472916666665,0.058880998650565744,0.05754642188549042,0.020371518377214667,0.10075915716588496,0.8208869686996786,0.82125564713056,0.7333902155472493,0.8986958941238166,4.138977233217129,4.30056110402334,-1.8752207625061932,10.596793530923525,3,6,6
LOLv2_1.0r_0.05anchorv2_0.05bdsp_0.0smv1_20260714-060043,r1-a2-sm0v1,best,100,LOLv2,RetinexPixelTrans,24,pure_low_single,datasets/LOLv2,8,384,42,10000,pure_low_single_pixel,1.0,v2,0.05,0.05,0.0,v1,,,,,,,,,,,,,,0.055691269244998697,0.046056926250457764,0.01882943119853735,0.12520217970013617,0.042298272466287014,0.03508896380662918,0.014242716925218703,0.10489877574145794,0.5061939445137977,0.5006671249866486,0.4030759572982788,0.63446726500988,0.2155572961270809,0.22186116874217987,0.15855616703629494,0.2515435203909874,0.16374856688082218,0.1655961126089096,0.11888555958867074,0.2040455214679241,0.004140708333333333,0.0023902777777777776,0.00023993055555555557,0.01674152777777778,0.001367013888888889,0.00048194444444444446,3.069444444444445e-05,0.004882847222222222,11.317349455553645,10.648892764480559,5.033777906606972,23.23275282722793,4.885693336781975,4.562262204289258,1.5480580053147903,8.803560832377535,11.000743709500805,10.050712829457222,5.72482148906484,18.56039359450313,0.7988379790269186,0.8196102802859511,0.6606144049314358,0.9087583535889058,0.04279723258223385,0.0409019123762846,0.010206187004223466,0.09223572984337805,0.0912806498259306,0.08070729672908783,0.03658348079770804,0.17769832536578178,0.04545901308767498,0.03700807876884937,0.01711087953299284,0.11594262160360813,0.0,0.0,0.0,0.0,0.19981178453360587,0.19260930611312324,0.119178392644325,0.26902791700114964,0.8951178430049977,0.9063914933945987,0.7565568092323955,0.9800130329578843,0.004065139640588313,0.003855258342809975,0.0028021553182043138,0.005909549002535641,41.92927102240831,41.698452573072956,34.502244225262714,47.728901356030796,0.055691269244998697,0.046056926250457764,0.01882943119853735,0.12520217970013617,0.035589380580931904,0.034981826320290565,0.018487312644720075,0.055515392869710925,0.4167453955221887,2,16,18,10,12,5,0,151,9.718215424642969,9.825046727604462,6.128033403386111,12.716967267530812,0.1771861492842436,0.15680334717035294,0.1122727207839489,0.26257063895463945,13.828558970059092,14.116291814293724,10.553888487501704,16.89985118954519,0.38492791682481764,0.37543952465057373,0.216757133603096,0.5569977223873138,1.4167453955221887,1.3736804747744573,0.9821124839006787,1.9309386755037041,0.6391894583333333,0.661,0.14139958333333333,0.969961875,0.05858963488601148,0.05650225654244423,0.020078609976917502,0.10226081758737564,0.8217386597905992,0.8212365386119189,0.7371744915896038,0.8996188903555146,4.1103435454161215,4.146582430548718,-1.9566885008037043,10.681789748189487,5,8,9
LOLv2_1.0r_0.05anchorv2_0.05bdsp_0.1smv1_20260714-155441,r1-a2-sm0.1v1,best,100,LOLv2,RetinexPixelTrans,24,pure_low_single,datasets/LOLv2,8,384,42,10000,pure_low_single_pixel,1.0,v2,0.05,0.05,0.1,v1,,,,,,,,,,,,,,0.055691269244998697,0.046056926250457764,0.01882943119853735,0.12520217970013617,0.042298272466287014,0.03508896380662918,0.014242716925218703,0.10489877574145794,0.5096278059482574,0.4997919052839279,0.4061655610799789,0.642350897192955,0.21719208121299743,0.22243361175060272,0.1596864402294159,0.2544549033045769,0.1660552465170622,0.1687936708331108,0.12000791728496552,0.20702489539980887,0.005149277777777778,0.0026229166666666666,0.00023736111111111112,0.01844104166666665,0.0012803333333333334,0.0005534722222222222,2e-05,0.0038991666666666662,11.411761927808643,10.722302046232777,5.071778045378305,23.25082914540156,4.953948939009601,4.60796085383866,1.5676315480766498,8.797841310398349,11.000353036926999,10.15095257630276,5.724912640731463,18.435213964389483,0.8012161452767235,0.8165069431808037,0.6635401380955434,0.9145054826046148,0.04368562683928758,0.04186325706541538,0.010215466609224677,0.09364317394793031,0.09066195871680975,0.07982491701841354,0.03668612409383059,0.1760971240699291,0.04478316094726324,0.03685016557574272,0.01687775207683444,0.11487242616713048,0.0,0.0,0.0,0.0,0.17538353461261902,0.17246336299473325,0.10528892295060671,0.24162437174591522,0.8910769516600028,0.902799830438213,0.7566803483121233,0.978104268847829,0.004191667912527919,0.004082893719896674,0.002861885831225663,0.006053954130038619,41.61358235954328,41.286902216053946,34.27996827425352,47.68984096701351,0.055691269244998697,0.046056926250457764,0.01882943119853735,0.12520217970013617,0.034970689471811055,0.03420189395546913,0.017856692895293236,0.05290709249675273,0.4270128050873001,5,15,15,6,15,6,0,166,9.718215424642969,9.825046727604462,6.128033403386111,12.716967267530812,0.17914951361715795,0.15779586136341095,0.11089725978672504,0.26577788293361665,13.756403762424434,13.91485976575116,10.310085730781184,17.01003693546127,0.38473745092749595,0.37484656274318695,0.2206204175949097,0.5488703221082687,1.4270128050873,1.384622213526587,0.9734720065664426,1.9461885576746178,0.6447243333333332,0.6837916666666666,0.14790937499999998,0.9716777083333334,0.05782558789476752,0.056589074432849884,0.019850746635347603,0.09853161312639712,0.8246482878388242,0.826892929096791,0.7384705388799147,0.9014741468010532,4.038188337781465,4.121183806710119,-2.0993578845534335,10.746887153540877,7,10,10
LOLv2_1.0r_0.05anchorv2_0.05bdsp_0.1smv2_20260717-200532,r1-a2-sm0.1v2,best,100,LOLv2,RetinexPixelTrans,24,pure_low_single,datasets/LOLv2,8,384,42,10000,pure_low_single_pixel,1.0,v2,0.05,0.05,0.1,v2,,,,,,,,,,,,,,0.055691269244998697,0.046056926250457764,0.01882943119853735,0.12520217970013617,0.042298272466287014,0.03508896380662918,0.014242716925218703,0.10489877574145794,0.5060799288749694,0.4983019530773163,0.4018353521823883,0.6358283042907714,0.21623218335211278,0.2212417796254158,0.1611476831138134,0.2512877985835075,0.16525667257606982,0.16732050478458405,0.12072396986186505,0.20460825711488723,0.004484930555555555,0.0025784722222222224,0.00025687500000000005,0.017178055555555554,0.0012712638888888888,0.00046041666666666665,3.458333333333334e-05,0.00456097222222222,11.316283402457696,10.675347925200693,5.042886466738836,23.433771260374492,4.922899684839137,4.604834601196035,1.5796160400963615,8.846000356358307,10.962228088871932,10.078891503122094,5.7414839699614655,18.59427926608357,0.8002141763472252,0.8206264149558133,0.6650520689395604,0.9112429558293679,0.04333114393055439,0.04138725437223911,0.010346512682735919,0.0928838614374399,0.09121840253472328,0.08059733361005783,0.03639344647526741,0.17625476643443108,0.04498148446902633,0.03687090612947941,0.016471057292073963,0.11486604698002338,0.0,0.0,0.0,0.0,0.17253530258827143,0.16550782651382215,0.09974838652487865,0.24115135362054596,0.8891692758239471,0.9010115156688497,0.7450328414499221,0.9776304047971269,0.004154432688374073,0.004019007086753845,0.002853906888049096,0.005997089087031782,41.66994368038457,41.48778420399573,34.242445050349346,47.602006847174614,0.055691269244998697,0.046056926250457764,0.01882943119853735,0.12520217970013617,0.03552713328972459,0.03486286289989948,0.018375134468078612,0.054110391065478325,0.41614093383359996,4,12,13,8,14,7,0,128,9.718215424642969,9.825046727604462,6.128033403386111,12.716967267530812,0.17699897319078445,0.15694309026002884,0.11147194840013981,0.26440905779600143,13.837359837378498,14.154706442769616,10.590097084716055,16.954353243029033,0.3860289363563061,0.3754876106977463,0.2189602181315422,0.5586910039186477,1.4161409338336,1.3647471536535223,0.9819069220461882,1.9274878362602286,0.636532,0.6729083333333333,0.14445145833333334,0.9691816666666666,0.05822947096079588,0.05665775574743748,0.02043093470856547,0.099255508556962,0.8227260695717724,0.8234711453557856,0.7355865646337921,0.8989425746871941,4.11914441273553,4.276649503591796,-1.9313216497718015,10.663879872492679,4,7,7
LOLv2_1.0r_0.05anchorv2_0.05bdsp_0.1smv3_20260718-094046,r1-a2-sm0.1v3,best,100,LOLv2,RetinexPixelTrans,24,pure_low_single,datasets/LOLv2,8,384,42,10000,pure_low_single_pixel,1.0,v2,0.05,0.05,0.1,v3,,,,,,,,,,,,,,0.055691269244998697,0.046056926250457764,0.01882943119853735,0.12520217970013617,0.042298272466287014,0.03508896380662918,0.014242716925218703,0.10489877574145794,0.5070409953594208,0.5000452101230621,0.40180346220731733,0.6382289350032806,0.2160640875250101,0.22148652374744415,0.15959163084626196,0.25107263028621674,0.16490551516413687,0.16806189715862274,0.11977795585989953,0.20415205880999565,0.0044796666666666665,0.002601388888888889,0.00025881944444444444,0.017468055555555553,0.001284097222222222,0.00044236111111111115,3.722222222222223e-05,0.004674652777777777,11.3319915285807,10.707223817494594,5.069438829433023,23.431416211710047,4.918416324639428,4.5938875082923945,1.5631598638108162,8.889384369559911,10.982340256783889,10.136678591848462,5.742783195668304,18.53556468793472,0.7991986865836909,0.818248843038718,0.6615502666827107,0.9116482183167548,0.04314488093368709,0.04129330441355705,0.01031856113113463,0.0922219082713127,0.0910303134471178,0.08029821515083313,0.03654401507228613,0.1760709375143051,0.04504391812719405,0.036919690668582916,0.016669724602252245,0.1151812944561243,0.0,0.0,0.0,0.0,0.17621056477894917,0.17130346894479964,0.103847558894737,0.24362267389599843,0.8906298425730208,0.9022630404485046,0.7500746959264177,0.9781976636151385,0.004160859193652868,0.003988734446465969,0.002819640515372157,0.006043633446097374,41.67164953597553,41.16730845956681,34.27524955262892,47.6882976596547,0.055691269244998697,0.046056926250457764,0.01882943119853735,0.12520217970013617,0.03533904420211911,0.034605177119374275,0.0192213986068964,0.053931544348597524,0.4189714450923976,3,14,14,7,13,8,0,144,9.718215424642969,9.825046727604462,6.128033403386111,12.716967267530812,0.17786275960505007,0.15698549896478653,0.11189115680754186,0.26250516921281813,13.802892066681881,14.103678037364276,10.520159665365954,16.935272986888652,0.38520948827266693,0.3742944598197937,0.21840504184365273,0.5594581186771392,1.4189714450923976,1.368657422185526,0.9771238810853543,1.9185075730276842,0.6388557916666666,0.6766395833333334,0.15336854166666666,0.9711381250000001,0.058178322557359934,0.056417496874928474,0.020119922142475846,0.10049173496663569,0.8217520355545059,0.8229937371952758,0.737341162099714,0.9006982128816318,4.084676642038914,4.198872791527924,-1.971699741084901,10.711495012471039,6,9,8
LOLv2_1.0r_0.05anchorv2_0.05bdsp_0.5smv1_20260714-191342,r1-a2-sm0.5v1,best,100,LOLv2,RetinexPixelTrans,24,pure_low_single,datasets/LOLv2,8,384,42,10000,pure_low_single_pixel,1.0,v2,0.05,0.05,0.5,v1,,,,,,,,,,,,,,0.055691269244998697,0.046056926250457764,0.01882943119853735,0.12520217970013617,0.042298272466287014,0.03508896380662918,0.014242716925218703,0.10489877574145794,0.5130732196569443,0.5052161812782288,0.4038512632250786,0.6514261335134506,0.22170874685049058,0.22796129435300827,0.16525309085845946,0.2562344133853912,0.1706585717201233,0.17158298939466476,0.12269025072455406,0.212708742916584,0.006777791666666667,0.0036333333333333335,0.0004367361111111111,0.025445972222222224,0.0018604722222222223,0.0007375000000000001,3.2152777777777784e-05,0.005118611111111111,11.465455466935632,10.88577052272381,5.0731889511586665,22.964290738371435,5.06956194786277,4.795539097719779,1.6308875986484992,9.007460382970587,11.204090581200244,10.357915845191721,5.848770737236208,18.357963543051312,0.8016099466436981,0.8177378615132292,0.6688092033134947,0.9122171814642305,0.04326804234180599,0.04126736707985401,0.010589744243770838,0.09146594032645225,0.08978633100166916,0.0783344991505146,0.03663602527230978,0.17489668354392052,0.043522154670208694,0.03578844293951988,0.015137112466618419,0.11167741380631922,0.0,0.0,0.0,0.0,0.1448469741408724,0.1370121502422047,0.08181708385153336,0.21248064661219002,0.8787115827140026,0.8916967325979475,0.7360470045468214,0.9728604572451365,0.004304894448723644,0.004155656788498163,0.0029180472716689113,0.006166783976368606,41.19250344401362,40.841047722540196,33.81024584857676,47.459388915358545,0.055691269244998697,0.046056926250457764,0.01882943119853735,0.12520217970013617,0.03409506175667047,0.03282229043543339,0.01807990241795778,0.05238462015986443,0.4361255607598782,6,17,10,5,16,9,0,185,9.718215424642969,9.825046727604462,6.128033403386111,12.716967267530812,0.18325344130396842,0.16217131912708282,0.1133456964045763,0.27621388882398606,13.577602244574052,13.833860895949044,10.185996970963304,16.892628670948273,0.37979587867856024,0.3657645881175995,0.21390145495533944,0.5432384341955184,1.4361255607598782,1.3850543747429649,0.9934354219818855,1.9601849095986141,0.6539703333333334,0.7043604166666666,0.16337354166666665,0.9694452083333333,0.05856912306509912,0.056685278192162514,0.020049612037837505,0.10383356176316738,0.8235983945551751,0.8273296024220391,0.7434600613925483,0.9013489085964032,3.8593868199310846,3.9607598286365517,-2.2208986138636226,10.180642495781006,8,14,14
LOLv2_1.0r_0.05anchorv2_0.08bdsp_0.1smv2_20260721-063944,r1-a2-sm0.1v2,best,100,LOLv2,RetinexPixelTrans,24,pure_low_single,datasets/LOLv2,8,384,42,10000,pure_low_single_pixel,1.0,v2,0.05,0.08,0.1,v2,,,,,,,,,,,,,,0.055691269244998697,0.046056926250457764,0.01882943119853735,0.12520217970013617,0.042298272466287014,0.03508896380662918,0.014242716925218703,0.10489877574145794,0.4867665523290634,0.4820261746644974,0.3802302047610283,0.6175777852535248,0.2110202607512474,0.21523136645555496,0.1556123971939087,0.2476697638630867,0.16784155532717704,0.16949555277824402,0.12401236332952977,0.21062646061182022,0.00385675,0.0018479166666666665,6.243055555555556e-05,0.014669722222222216,0.0017653611111111112,0.0006354166666666667,1.3333333333333337e-05,0.007290277777777773,10.832714867922764,10.18696990786945,4.850206956382732,21.903879816928253,4.980805676012261,4.629552878613586,1.6355478532871104,8.771439040016782,10.321486625259201,9.576995332727126,5.573384061988008,17.191425161865432,0.8306780456501826,0.8493813863270755,0.703060046292412,0.9308926288082062,0.0508415559772402,0.0494367852807045,0.01370637733489275,0.10276768133044241,0.09344445779919625,0.08385752141475677,0.039011047407984736,0.1803274743258953,0.04362380761653185,0.0358112808316946,0.015659029921516774,0.11006612293422222,0.0,0.0,0.0,0.0,0.16527312149908013,0.1628730711139763,0.09484218380320963,0.2373415623279569,0.8856288471088506,0.8969090811126756,0.7480835346266894,0.9754707560141103,0.004869192724581808,0.004708376480266452,0.0034201788832433524,0.006862436537630856,40.90218386948645,40.511640713961015,34.09101507667369,46.27552395519703,0.055691269244998697,0.046056926250457764,0.01882943119853735,0.12520217970013617,0.03775318855419755,0.03742201812565327,0.020404167193919423,0.057443882897496225,0.36192994014880076,8,11,12,11,10,10,0,105,9.718215424642969,9.825046727604462,6.128033403386111,12.716967267530812,0.1593256091326475,0.1401655152440071,0.10015157051384449,0.24969040378928184,14.800110347623447,14.940383503136772,10.75323433095058,18.08071830260019,0.41482964023947716,0.409629687666893,0.24124799817800524,0.591327029466629,1.3619299401488008,1.3354418275936308,0.9304753324592576,1.8532304977768514,0.5733662916666666,0.5720520833333333,0.05777208333333333,0.9484891666666667,0.05414363741874695,0.05232647992670536,0.01969303796067834,0.0930299703031778,0.8555117904406734,0.8567725224128241,0.7847381976444753,0.9165997553976408,5.081894922980478,5.1431696135125415,-1.1997852281675758,11.596778201667474,2,2,2
LOLv2_1.0r_0.05anchorv2_0.0bdsp_0.1smv3_20260718-130429,r1-a2-sm0.1v3,best,100,LOLv2,RetinexPixelTrans,24,pure_low_single,datasets/LOLv2,8,384,42,10000,pure_low_single_pixel,1.0,v2,0.05,0.0,0.1,v3,,,,,,,,,,,,,,0.055691269244998697,0.046056926250457764,0.01882943119853735,0.12520217970013617,0.042298272466287014,0.03508896380662918,0.014242716925218703,0.10489877574145794,0.7596436882019043,0.7619734108448029,0.6527906179428101,0.8468376457691194,0.18672687508165836,0.19175638258457184,0.09290564022958278,0.28015752732753757,0.08850791648030282,0.08623596280813217,0.05238373242318631,0.13655748218297958,0.10174933333333333,0.09353125,0.01375527777777778,0.2022734722222221,0.0016334027777777777,4.166666666666667e-06,0.0,0.020813958333333334,17.645537232059464,15.771267845590668,6.660795201427908,37.6899361454919,2.747069400745799,2.3547449958646456,0.849831873776391,5.092115193912928,2.612572336944958,2.153550679307421,1.0272811255631218,5.228636509061153,0.606781143356683,0.6224894362330651,0.36586420706941075,0.7414360672034888,0.07994912034831941,0.07941730692982674,0.022963146306574346,0.14794012159109116,0.06472123248502612,0.05542774870991707,0.020891002099961045,0.1420871526002884,0.04409346234053373,0.035641323775053024,0.014477258501574398,0.10869488157331944,0.0,0.0,0.0,0.0,0.28500819862855026,0.2802803542273591,0.17363058485833097,0.38779884036653084,0.9248586285414582,0.9372142634802312,0.8275824996971579,0.9889370568794896,0.009701524381525814,0.008880084846168756,0.006218285625800491,0.014470900548622009,36.881261304092064,37.221806083356626,32.39120087529358,41.033257375244844,0.055691269244998697,0.046056926250457764,0.01882943119853735,0.12520217970013617,0.009029963240027427,0.007789984345436096,0.0019147610291838646,0.018655766919255256,1.1366974732398014,10,1,19,1,19,11,0,223,9.718215424642969,9.825046727604462,6.128033403386111,12.716967267530812,0.3976174393296242,0.3982180207967758,0.27111869901418684,0.5344845235347747,7.420228338206321,7.3264259228496265,5.22002959285199,10.30970049255755,0.4755171510577202,0.4496825933456421,0.3377758249640465,0.6063573956489563,2.1366974732398014,2.084924304317502,1.5024114461057405,3.000425181295384,0.9667957083333333,0.9905770833333334,0.8611481249999999,0.9999877083333333,0.04150068484246731,0.04139946587383747,0.013423237251117826,0.07119548246264455,0.6933770570509823,0.7212687147818186,0.476020200605989,0.834772950043337,-2.2979870864366467,-2.5053168867903484,-7.5822317779490795,3.9068489670206694,19,19,19
LOLv2_1.0r_0.05anchorv2_0.1bdsp_0.1smv2_20260721-095840,r1-a2-sm0.1v2,best,100,LOLv2,RetinexPixelTrans,24,pure_low_single,datasets/LOLv2,8,384,42,10000,pure_low_single_pixel,1.0,v2,0.05,0.1,0.1,v2,,,,,,,,,,,,,,0.055691269244998697,0.046056926250457764,0.01882943119853735,0.12520217970013617,0.042298272466287014,0.03508896380662918,0.014242716925218703,0.10489877574145794,0.47551789820194246,0.46888111531734467,0.3664556726813316,0.6062947064638138,0.21050325646996498,0.21472112089395523,0.15537366792559623,0.2481457322835922,0.16952011294662953,0.17301802337169647,0.12448603846132755,0.21186431646347045,0.0035833055555555553,0.0015923611111111112,4.013888888888889e-05,0.01351576388888888,0.0029184583333333337,0.0009743055555555555,5.555555555555556e-06,0.011751388888888882,10.592437975985474,9.929788039912092,4.74952869231418,21.41172222825593,5.037575444648385,4.654110814181873,1.6447852323029535,8.65286417050673,10.063148757102788,9.304434147581532,5.446067875755356,16.980561277564696,0.8398403208749042,0.8575130837487872,0.707245194089752,0.9462975551674642,0.050830058809369805,0.048965584486722946,0.013113878853619098,0.10304657779633997,0.09567035645246506,0.08542943373322487,0.04102632086724043,0.18221470788121222,0.04335158745758236,0.03551166132092476,0.01588323647156358,0.11209534406661986,0.0,0.0,0.0,0.0,0.1602435962930615,0.15984110933664347,0.09259475382963268,0.23384941743536408,0.8837101012151414,0.894542904089255,0.7501414857768625,0.9736884282780859,0.0048003800958395,0.004630550043657422,0.003306728368625045,0.006666844896972179,40.99164741633564,40.990680451297976,34.064384297162334,46.34482610119603,0.055691269244998697,0.046056926250457764,0.01882943119853735,0.12520217970013617,0.03997908720746637,0.03865286894142628,0.022288604732602836,0.06037939712405204,0.3311763041233353,7,10,11,12,9,12,0,89,9.718215424642969,9.825046727604462,6.128033403386111,12.716967267530812,0.15147410035133363,0.13254428654909134,0.09281452707946301,0.24425773546099663,15.216437550328473,15.371925107349979,11.073846175481327,18.715467714652696,0.42818872421979903,0.42546068131923676,0.26080708876252173,0.6034264087677002,1.3311763041233353,1.2937958766017865,0.9071722097551681,1.8007165537370955,0.5420384166666667,0.5282854166666666,0.038289375,0.9386437500000001,0.054221489448100325,0.05335128493607044,0.018558068480342627,0.09243829995393751,0.8662814294625798,0.8701883694095218,0.7870082055924702,0.9240676135662705,5.498222125685504,5.5358053000152445,-1.0011294537696338,11.502260292823728,1,1,1
LOLv2_1.0r_0.08anchorv2_0.05bdsp_0.05smv2_20260721-200034,r1-a2-sm0.05v2,best,100,LOLv2,RetinexPixelTrans,24,pure_low_single,datasets/LOLv2,8,384,42,10000,pure_low_single_pixel,1.0,v2,0.08,0.05,0.05,v2,,,,,,,,,,,,,,0.055691269244998697,0.046056926250457764,0.01882943119853735,0.12520217970013617,0.042298272466287014,0.03508896380662918,0.014242716925218703,0.10489877574145794,0.508374892771244,0.5089856684207916,0.4941182672977448,0.5196550726890564,0.043993761911988255,0.045478539541363716,0.0249216147698462,0.06150669082999229,0.04285580202937126,0.044874221086502075,0.022934504691511395,0.060769129730761054,0.0,0.0,0.0,0.0,0.0,0.0,0.0,0.0,12.093820586534104,11.06676866441819,4.164998652647519,26.57268548384034,1.4048041491838803,1.2518441390468933,0.29629781207091827,3.489511543288254,6.403856007368271,5.666677990311232,2.297913887457081,12.98935278651958,0.2708043201167692,0.27097551084046756,0.1891773214717438,0.3905517813096525,0.11079581221565604,0.10830045491456985,0.03402064237743616,0.1937533840537071,0.10765420939773321,0.09251882880926132,0.03518854547291994,0.2305680148303509,0.07212175566703082,0.052574750036001205,0.023774192761629818,0.17444725558161736,3.458333333333333e-06,0.0,0.0,0.0,0.33162433585901274,0.3092571746997414,0.21818986765128243,0.5181696436905735,0.7239316199931589,0.7513713531800992,0.2332013375401475,0.9386290912660042,0.018390337703749537,0.017184763215482235,0.01228657509200275,0.025310331024229527,31.332927885792238,31.71804701378188,28.401886633672337,34.84932905400648,0.055691269244998697,0.046056926250457764,0.01882943119853735,0.12520217970013617,0.05196294015273452,0.047129128128290176,0.014910126477479937,0.1112744852900505,0.4326778070879842,12,6,8,19,2,13,0,166,9.718215424642969,9.825046727604462,6.128033403386111,12.716967267530812,0.18843830414116383,0.1864466816186905,0.12996586859226228,0.2624583378434181,13.324679699805026,13.21802934043446,10.920191787546493,16.00953407603552,0.35225571036338804,0.33664801716804504,0.22495552748441697,0.5288882762193681,1.4326778070879842,1.3531058436184775,1.0010491827804207,1.9952056538284888,0.648500875,0.6251208333333333,0.2787233333333333,0.959209375,0.03899508603848517,0.036573903635144234,0.01657423349097371,0.06428787708282471,0.24232716695256942,0.2435018945423384,0.12892715620128808,0.3759445508841416,3.606464275162058,3.8570768135005675,-1.9451838063208324,8.748364210766315,14,13,13
LOLv2_1.0r_0.08anchorv2_0.05bdsp_0.1smv2_20260720-202630,r1-a2-sm0.1v2,best,100,LOLv2,RetinexPixelTrans,24,pure_low_single,datasets/LOLv2,8,384,42,10000,pure_low_single_pixel,1.0,v2,0.08,0.05,0.1,v2,,,,,,,,,,,,,,0.055691269244998697,0.046056926250457764,0.01882943119853735,0.12520217970013617,0.042298272466287014,0.03508896380662918,0.014242716925218703,0.10489877574145794,0.5079200500249863,0.5088224411010742,0.4943820953369141,0.5186543077230453,0.043560041189193724,0.044960975646972656,0.025517015904188155,0.06049659792333841,0.042508771270513536,0.04437599889934063,0.022909460309892892,0.060044442862272264,0.0,0.0,0.0,0.0,0.0,0.0,0.0,0.0,12.092215921096487,11.057041176788521,4.159688932897856,26.610384402056134,1.3917000000206046,1.2508255122484444,0.295674903482504,3.4686107085501723,6.323395380072466,5.596070722289378,2.29023429797272,12.763875198640259,0.2744909841484954,0.27740542574509197,0.19417274880978422,0.39509424269438165,0.11071965150535107,0.1080307848751545,0.03421721383929253,0.19337789863348004,0.10704252218827605,0.092836644500494,0.03664835775271059,0.2372995801270008,0.07178940011188388,0.05283454991877079,0.02418196024373174,0.1734391286969185,1.6666666666666667e-06,0.0,0.0,0.0,0.30757621209740554,0.2869960188062007,0.2012859112709297,0.47132687836296644,0.7208492974976671,0.7491861713974621,0.24205215828935497,0.938180728268193,0.01842758816666901,0.017201111651957035,0.01230541206896305,0.02548357397317886,31.31341445129902,31.671034278235137,28.308287606813042,34.81736432629394,0.055691269244998697,0.046056926250457764,0.01882943119853735,0.12520217970013617,0.05135125294327736,0.04687311686575413,0.015012875851243735,0.11209740042686463,0.4314086644057238,13,5,7,18,3,14,0,154,9.718215424642969,9.825046727604462,6.128033403386111,12.716967267530812,0.18800211437046527,0.1863333210349083,0.13029580265283586,0.2613975524902344,13.344892683265805,13.219932146818357,10.921437867626919,16.014778531725252,0.3540976668894291,0.3393257409334183,0.2255416065454483,0.5228598266839981,1.4314086644057238,1.3506806562165523,1.0011320510297446,1.9958119602896318,0.647266875,0.6243416666666667,0.27813520833333333,0.9616016666666667,0.03883733734488487,0.03648066893219948,0.01680787708610296,0.06439439840614795,0.24628050281715758,0.24944303853127325,0.13172355188750473,0.37373127338398665,3.6266772586228377,3.8795327211206683,-1.9396837314789608,8.76941361907235,13,11,11
LOLv2_1.0r_0.08anchorv2_0.05bdsp_0.2smv2_20260721-231952,r1-a2-sm0.2v2,best,100,LOLv2,RetinexPixelTrans,24,pure_low_single,datasets/LOLv2,8,384,42,10000,pure_low_single_pixel,1.0,v2,0.08,0.05,0.2,v2,,,,,,,,,,,,,,0.055691269244998697,0.046056926250457764,0.01882943119853735,0.12520217970013617,0.042298272466287014,0.03508896380662918,0.014242716925218703,0.10489877574145794,0.5082250583171845,0.5087659358978271,0.49196505844593047,0.5210921972990036,0.04212428782135248,0.043084681034088135,0.02484879232943058,0.05823786817491054,0.041149081010371444,0.042880842462182045,0.02326581897214055,0.057662679441273214,0.0,0.0,0.0,0.0,0.0,0.0,0.0,0.0,12.074808315318116,11.057186358696484,4.177146531428863,26.462815667716143,1.340470921046984,1.1783956447236419,0.2936566706207849,3.342531094659056,6.243642012927786,5.592987458971592,2.335210168074843,12.420854191516852,0.292412389095891,0.294412917256575,0.1966129836010747,0.39362523878584865,0.11061494382098318,0.10729119554162025,0.03428993206471205,0.19303295537829396,0.09722137348726392,0.08178147301077843,0.03060276210308075,0.21882046163082122,0.06752606997266412,0.045704083517193794,0.02359510222449899,0.1709177017211914,1.6666666666666668e-07,0.0,0.0,0.0,0.2784894079800528,0.26073385903820834,0.1733122804861705,0.42744099358602694,0.6866883204082107,0.7298574154855377,0.15693777596859998,0.9382099162775817,0.019684797329828144,0.01891863066703081,0.013469174318015574,0.026080614328384398,30.9237081972105,30.9793663019543,28.416648257688262,34.44357586795614,0.055691269244998697,0.046056926250457764,0.01882943119853735,0.12520217970013617,0.04153010424226523,0.03504677303135395,0.008554849773645401,0.09705184623599052,0.4321134102439328,17,4,3,13,4,15,0,157,9.718215424642969,9.825046727604462,6.128033403386111,12.716967267530812,0.18768032364547252,0.18500781804323196,0.12894943729043007,0.2623991459608078,13.372619846614109,13.316373396033468,11.036613144446429,16.073721708151538,0.3472468475997448,0.34015539288520813,0.22186431884765626,0.4988170862197875,1.4321134102439328,1.3565114965814642,0.9992441938801933,1.9933105445074366,0.6483758333333333,0.6258833333333333,0.27574541666666663,0.9597714583333333,0.03855317431502044,0.03613068163394928,0.017005669977515934,0.06462254747748375,0.2675716214784098,0.27140212552515763,0.1522341405250813,0.38134888623380864,3.6544044219711407,3.8741507081832314,-1.893324948243697,8.841623431035162,12,12,12
LOLv2_1.0r_0.08anchorv2_0.08bdsp_0.1smv2_20260721-131933,r1-a2-sm0.1v2,best,100,LOLv2,RetinexPixelTrans,24,pure_low_single,datasets/LOLv2,8,384,42,10000,pure_low_single_pixel,1.0,v2,0.08,0.08,0.1,v2,,,,,,,,,,,,,,0.055691269244998697,0.046056926250457764,0.01882943119853735,0.12520217970013617,0.042298272466287014,0.03508896380662918,0.014242716925218703,0.10489877574145794,0.49455348283052447,0.49488550424575806,0.4843003049492836,0.5021079123020172,0.05035560917109251,0.0515785738825798,0.03049162644892931,0.06776217222213746,0.048822867833077904,0.050590358674526215,0.026619327440857887,0.06780373230576515,0.0,0.0,0.0,0.0,0.0,0.0,0.0,0.0,11.801602065693952,10.7601916892134,4.023215498472338,26.039211196557034,1.5965366946853967,1.4364287840936485,0.3439164572209459,3.937736262181583,7.2940565722100965,6.318486005863829,2.787689296947321,14.786061895830665,0.23176148050558293,0.21937260310327905,0.1567785269113453,0.32888598500128896,0.11124354591593147,0.10995569080114365,0.03543645553290844,0.19404268786311146,0.10616277644410729,0.09173757210373878,0.0328970325179398,0.23191575333476067,0.07247531751170755,0.05047415941953659,0.024001476354897022,0.17777779698371887,5.833333333333333e-06,0.0,0.0,0.0,0.31124756177668994,0.2887772999484951,0.20790753987566676,0.47693143816186584,0.7139150138964813,0.7464326547079905,0.20712783810407426,0.9374847188007969,0.01886797884479165,0.017779872752726078,0.012827585032209755,0.025225366838276385,31.169396194565625,31.427543000667264,28.41526507150139,34.61711046707783,0.055691269244998697,0.046056926250457764,0.01882943119853735,0.12520217970013617,0.0504715071991086,0.04523628391325474,0.013698732573539018,0.11187047436833382,0.39409506843425657,15,7,6,17,5,16,0,122,9.718215424642969,9.825046727604462,6.128033403386111,12.716967267530812,0.18183707363903523,0.1804315596818924,0.13056100383400918,0.24806940630078317,13.534857417035994,13.413814833292271,10.828913343123878,15.821314701555767,0.3403670267760754,0.32186804711818695,0.2170854039490223,0.5083020418882369,1.3940950684342566,1.3122579524478346,0.9747225595468425,1.9407620430867474,0.6179285,0.6003291666666667,0.25699374999999997,0.927295625,0.04040680321864784,0.03814047761261463,0.018801966309547422,0.06622849069535733,0.19078351872361277,0.18678588026925785,0.09131873464198469,0.29801841196773454,3.8166419923930253,4.17490165145273,-1.6142577466399395,8.44275425615169,9,3,3
LOLv2_1.0r_0.15anchorv2_0.05bdsp_0.1smv2_20260721-032103,r1-a2-sm0.1v2,best,100,LOLv2,RetinexPixelTrans,24,pure_low_single,datasets/LOLv2,8,384,42,10000,pure_low_single_pixel,1.0,v2,0.15,0.05,0.1,v2,,,,,,,,,,,,,,0.055691269244998697,0.046056926250457764,0.01882943119853735,0.12520217970013617,0.042298272466287014,0.03508896380662918,0.014242716925218703,0.10489877574145794,0.5238482737541199,0.5246423482894897,0.5068874746561051,0.5375060737133026,0.042746568359434606,0.04406680539250374,0.024965547025203705,0.06036746222525835,0.04152074832469225,0.04368436336517334,0.021843375358730557,0.05993086788803339,0.0,0.0,0.0,0.0,0.0,0.0,0.0,0.0,12.449403299356588,11.382031294810776,4.307732630110586,27.30742215303767,1.3624262593768575,1.20529471962963,0.2855120094960548,3.3967516415498977,6.191752009959638,5.468178512150315,2.1717299007665374,12.551577182311618,0.27311613820469643,0.26979848906791065,0.18751130837880423,0.3935657018678705,0.11086834464222192,0.10550219193100929,0.03398113455623389,0.1926879361271858,0.09122966676950454,0.07593991979956627,0.027216411847621202,0.21197513565421103,0.06632497502490878,0.04347389191389084,0.023182446509599688,0.17522802427411077,1.25e-06,0.0,0.0,0.0,0.28304760794894746,0.2610002991858742,0.1797607626038614,0.43070769954808913,0.6792225768807927,0.722596327187361,0.13754295690939944,0.9385098484535008,0.02024965868331492,0.01929995510727167,0.013545589754357934,0.027621663734316824,30.762055134562825,30.708465539774714,28.16352612892703,34.3600976780282,0.055691269244998697,0.046056926250457764,0.01882943119853735,0.12520217970013617,0.03554496781900525,0.029377128928899765,0.004925251007080078,0.0873546302318573,0.4761868105903704,19,3,2,9,6,17,0,188,9.718215424642969,9.825046727604462,6.128033403386111,12.716967267530812,0.19818506337702274,0.19549760222434998,0.1401830106973648,0.2785871058702469,12.96276065136946,12.824401994882379,10.710922244085307,15.587030184899742,0.3496792185306549,0.3397519588470459,0.21976973265409472,0.5215964138507843,1.4761868105903704,1.3990891404631158,1.0298964909993515,2.056541813390618,0.6774248333333334,0.67628125,0.3062275,0.9761425,0.03872941778972745,0.036108408123254776,0.01697685392573476,0.06536416821181774,0.2482271932313018,0.2493686763127561,0.14073768705909415,0.374312081170188,3.2445452267264914,3.3303440321054456,-2.2927775162388384,8.903883659669804,16,16,16
LOLv2_1.0r_0.1anchorv2_0.05bdsp_0.1smv2_20260720-235517,r1-a2-sm0.1v2,best,100,LOLv2,RetinexPixelTrans,24,pure_low_single,datasets/LOLv2,8,384,42,10000,pure_low_single_pixel,1.0,v2,0.1,0.05,0.1,v2,,,,,,,,,,,,,,0.055691269244998697,0.046056926250457764,0.01882943119853735,0.12520217970013617,0.042298272466287014,0.03508896380662918,0.014242716925218703,0.10489877574145794,0.5141013154387474,0.5146754384040833,0.5000340357422829,0.5253658771514893,0.04268070686608553,0.044026924297213554,0.02429498266428709,0.0601122772321105,0.04145710209384561,0.043292611837387085,0.021741599682718514,0.05955574903637171,0.0,0.0,0.0,0.0,0.0,0.0,0.0,0.0,12.236937849727083,11.187778132474534,4.2145155598752915,26.904476962671293,1.358890625848246,1.2121996185535422,0.2885359884157527,3.4276380169476037,6.117805203476865,5.337811115068957,2.1972920829992613,12.446530244887246,0.2754389655031291,0.27409395101328515,0.19341172966834513,0.3877786162326884,0.11059157375246287,0.10724212229251862,0.03416411690413952,0.1928813673555851,0.10275604777038097,0.08861283585429192,0.03335395557805896,0.22579994350671767,0.07088445732370019,0.050219928845763206,0.023631211277097462,0.17508055791258811,1.916666666666667e-06,0.0,0.0,0.0,0.3024474404806069,0.28091347074064704,0.19854520405621906,0.46359412308093606,0.7133368411215101,0.7473766575116977,0.21406697262262836,0.9375835492267399,0.018700985088944435,0.01741932611912489,0.012460503075271844,0.02580677205696702,31.230508079476227,31.57008150427388,28.324208405650385,34.78382623897364,0.055691269244998697,0.046056926250457764,0.01882943119853735,0.12520217970013617,0.04706477852538228,0.04242136888206005,0.011242889892309905,0.10588667839765548,0.44881937077513334,14,2,5,14,7,18,0,170,9.718215424642969,9.825046727604462,6.128033403386111,12.716967267530812,0.19191242165863515,0.19068793952465057,0.13411920145154,0.2677741006016731,13.197818650498293,13.036559903210048,10.802471734034437,15.869647345468788,0.35857395827770233,0.34672337770462036,0.2262081004679203,0.5293830007314682,1.4488193707751333,1.3675229778048585,1.0129745083579618,2.018898434408362,0.660455,0.6371270833333333,0.29028458333333335,0.9708002083333334,0.03855103589594364,0.03638802096247673,0.016711598355323078,0.06449337936937809,0.2468582826610675,0.2522215129453182,0.13438250653145636,0.386096108148816,3.4796032258553242,3.697985203698547,-2.075885754047552,8.823687186059134,15,15,15
LOLv2_1.0r_0.1anchorv2_0.1bdsp_0.1smv2_20260721-164101,r1-a2-sm0.1v2,best,100,LOLv2,RetinexPixelTrans,24,pure_low_single,datasets/LOLv2,8,384,42,10000,pure_low_single_pixel,1.0,v2,0.1,0.1,0.1,v2,,,,,,,,,,,,,,0.055691269244998697,0.046056926250457764,0.01882943119853735,0.12520217970013617,0.042298272466287014,0.03508896380662918,0.014242716925218703,0.10489877574145794,0.4951055973768234,0.49559010565280914,0.4856766611337662,0.5015274852514267,0.05295455912128091,0.0543346032500267,0.032482971996068956,0.07035793773829938,0.050503839403390885,0.052330199629068375,0.026726983487606052,0.07009240239858627,0.0,0.0,0.0,0.0,0.0,0.0,0.0,0.0,11.826139485590705,10.778543771049915,4.013205281168409,26.102385788985274,1.6528270877197118,1.5072667663662485,0.3543166735002401,4.050258496325759,7.517725634791501,6.650029439971448,2.887749072253907,15.318914448296027,0.21267980796802338,0.20708299125495305,0.13866092546340977,0.3288073429078021,0.11166957689449192,0.1103302650153637,0.035915865749120715,0.19476680457592008,0.10435291275382041,0.08879341185092926,0.030314315762370824,0.23658208400011063,0.07085617894306778,0.04730251617729664,0.02415547603741288,0.18081935122609138,8.333333333333334e-06,0.0,0.0,0.0,0.32032792969762525,0.29963326898742787,0.20767753002663403,0.5098154799427131,0.6972528118571714,0.7373378689552913,0.16742811995446005,0.9373265020426844,0.0193299113586545,0.018356208689510822,0.01345977010205388,0.02562383338809013,30.994209844496584,31.283339597458365,28.507727767023784,34.49252924027634,0.055691269244998697,0.046056926250457764,0.01882943119853735,0.12520217970013617,0.048661643508821725,0.04456521198153496,0.012101626209914685,0.11577016562223434,0.39580329570367656,16,8,4,15,8,19,0,134,9.718215424642969,9.825046727604462,6.128033403386111,12.716967267530812,0.18310445599257946,0.18172480165958405,0.13117991909384727,0.24966994747519494,13.460019750130689,13.314206268557033,10.74479101890831,15.72817339321858,0.33163958102464675,0.31587687134742737,0.20880126357078552,0.5041076362133026,1.3958032957036766,1.312716335083612,0.9764035001784237,1.9410378445853793,0.6197483333333333,0.6010125,0.2611379166666667,0.9258260416666667,0.04115805232897401,0.03908589109778404,0.019754978921264408,0.06716221645474435,0.1682559687825154,0.16409918979756002,0.07514230476643223,0.25628308719951526,3.74180432548772,4.110483525446762,-1.6925633288773005,8.353066758120827,10,4,4
