run,label,n_images,model.name,model.dim,data.mode,data.path,data.batch_size,data.crop_size,training.seed,training.max_iterations,loss.mode,loss.recon_weight_high,loss.recon_weight_low,loss.cross_recon_weight_high,loss.cross_recon_weight_low,loss.equal_r_weight,loss.smooth_weight,loss.smooth_version,input_low_highref_psnr_mean,input_low_highref_psnr_median,input_low_highref_psnr_p05,input_low_highref_psnr_p95,r_low_highref_l1_mean,r_low_highref_l1_median,r_low_highref_l1_p05,r_low_highref_l1_p95,r_low_highref_psnr_mean,r_low_highref_psnr_median,r_low_highref_psnr_p05,r_low_highref_psnr_p95,r_low_highref_ssim_mean,r_low_highref_ssim_median,r_low_highref_ssim_p05,r_low_highref_ssim_p95,r_low_highref_mean_ratio_mean,r_low_highref_mean_ratio_median,r_low_highref_mean_ratio_p05,r_low_highref_mean_ratio_p95,r_low_highref_overbright_010_mean,r_low_highref_overbright_010_median,r_low_highref_overbright_010_p05,r_low_highref_overbright_010_p95,r_low_highref_chroma_l1_mean,r_low_highref_chroma_l1_median,r_low_highref_chroma_l1_p05,r_low_highref_chroma_l1_p95,r_low_highref_gray_corr_mean,r_low_highref_gray_corr_median,r_low_highref_gray_corr_p05,r_low_highref_gray_corr_p95,r_low_highref_psnr_gain_vs_input_mean,r_low_highref_psnr_gain_vs_input_median,r_low_highref_psnr_gain_vs_input_p05,r_low_highref_psnr_gain_vs_input_p95,r_high_highref_l1_mean,r_high_highref_l1_median,r_high_highref_l1_p05,r_high_highref_l1_p95,r_high_highref_psnr_mean,r_high_highref_psnr_median,r_high_highref_psnr_p05,r_high_highref_psnr_p95,r_consistency_l1_mean,r_consistency_l1_median,r_consistency_l1_p05,r_consistency_l1_p95,r_consistency_psnr_mean,r_consistency_psnr_median,r_consistency_psnr_p05,r_consistency_psnr_p95,r_consistency_ssim_mean,r_consistency_ssim_median,r_consistency_ssim_p05,r_consistency_ssim_p95,r_low_mean_mean,r_low_mean_median,r_low_mean_p05,r_low_mean_p95,r_high_mean_mean,r_high_mean_median,r_high_mean_p05,r_high_mean_p95,r_low_std_mean,r_low_std_median,r_low_std_p05,r_low_std_p95,r_high_std_mean,r_high_std_median,r_high_std_p05,r_high_std_p95,r_low_bright_095_mean,r_low_bright_095_median,r_low_bright_095_p05,r_low_bright_095_p95,r_high_bright_095_mean,r_high_bright_095_median,r_high_bright_095_p05,r_high_bright_095_p95,l_low_mean_mean,l_low_mean_median,l_low_mean_p05,l_low_mean_p95,l_high_mean_mean,l_high_mean_median,l_high_mean_p05,l_high_mean_p95,l_low_std_mean,l_low_std_median,l_low_std_p05,l_low_std_p95,l_high_std_mean,l_high_std_median,l_high_std_p05,l_high_std_p95,l_low_input_gray_corr_mean,l_low_input_gray_corr_median,l_low_input_gray_corr_p05,l_low_input_gray_corr_p95,l_high_input_gray_corr_mean,l_high_input_gray_corr_median,l_high_input_gray_corr_p05,l_high_input_gray_corr_p95,l_low_tv_to_input_mean,l_low_tv_to_input_median,l_low_tv_to_input_p05,l_low_tv_to_input_p95,l_high_tv_to_input_mean,l_high_tv_to_input_median,l_high_tv_to_input_p05,l_high_tv_to_input_p95,self_low_psnr_mean,self_low_psnr_median,self_low_psnr_p05,self_low_psnr_p95,self_high_psnr_mean,self_high_psnr_median,self_high_psnr_p05,self_high_psnr_p95,cross_low_psnr_mean,cross_low_psnr_median,cross_low_psnr_p05,cross_low_psnr_p95,cross_high_psnr_mean,cross_high_psnr_median,cross_high_psnr_p05,cross_high_psnr_p95,r_low_highref_mean_ratio_abs_err,n_best_r_low_highref_psnr,rank_r_low_highref_psnr,rank_r_high_highref_psnr,rank_overbright,rank_mean_ratio,rank_consistency,corrected_rank_score
LOLv2_1.0rh_0.3rl_0.001crh_0.001crl_0.1er_0.6smv1_20260720-020824,cr=0.001 er=0.1 sm=0.6v1,100,RetinexPixelTrans,24,paired,datasets/LOLv2,4,384,42,10000,paired_pixel,1.0,0.3,0.001,0.001,0.1,0.6,v1,9.718215424642969,9.825046727604462,6.128033403386111,12.716967267530812,0.11217770498245955,0.10302498936653137,0.044631687365472315,0.1983780711889267,18.51455615565417,18.04282007666407,13.80743559276292,24.658452397600406,0.7253375023603439,0.7217439115047455,0.6018008470535278,0.8542109817266464,1.2869395908727757,1.2717436319846969,0.9304756395685078,1.6721095895275946,0.4949435,0.56188125,0.00237375,0.9564843749999999,0.024427768131718038,0.022643940523266792,0.009393338253721595,0.041081259958446026,0.9520975390813423,0.956117864591399,0.9074888901100583,0.9801130040801606,8.7963407310112,8.413879264892802,1.0855580859925062,18.120697524441045,0.027379494830965995,0.015476667322218418,0.00913185509853065,0.08909717202186584,30.733749985846615,32.149313952963794,20.61253218381562,35.23981698028614,0.09165612112730742,0.08851238340139389,0.044114512763917445,0.154039765894413,20.00756989059805,19.694774415565576,15.444862178231656,24.837504322491395,0.768380840420723,0.7764616012573242,0.6524953365325927,0.8794083654880523,0.4594459700584412,0.45650893449783325,0.39491194188594814,0.5239705264568328,0.3921188002824783,0.38825544714927673,0.3214520514011383,0.5108227163553237,0.18973390594124795,0.1869056448340416,0.12644201293587684,0.24914195761084554,0.15700946740806102,0.1612676978111267,0.10014135390520096,0.2184520810842514,0.0039678472222222224,0.00040833333333333336,0.0,0.022832430555555554,0.006957611111111111,1.3194444444444446e-05,0.0,0.03377361111111111,0.11012945426627993,0.09706749022006989,0.0426896259188652,0.2315800912678242,0.9293559944629669,0.9647000133991241,0.7599748969078064,0.9843791872262955,0.02709096999373287,0.02341452892869711,0.010292824171483516,0.07662233598530292,0.020207034535706044,0.016131232492625713,0.010048084286972882,0.042701780796051025,0.8218548749848287,0.8355031563754703,0.6497842354364491,0.943809536265663,0.36342431621516225,0.3732030434855111,0.11540563159043424,0.7489749071826626,0.09449320674955972,0.09448207415749861,0.05005460492445248,0.1414966259070354,0.04629782926627924,0.039349859299127786,0.014383653103475988,0.11170730861167058,35.5701399261522,35.71505388210214,30.394884171269375,39.697208597046036,35.17788152558795,35.66275459748792,30.249456017661256,39.12862345796805,33.582204067853425,33.241186636648806,29.598345375641063,38.78337787987612,20.34977323808908,20.18184822517945,15.996612079105114,25.202745259717375,0.28693959087277565,1,1,4,4,2,12,36
LOLv2_1.0rh_0.3rl_0.001crh_0.001crl_0.1er_0.7smv1_20260720-035020,cr=0.001 er=0.1 sm=0.7v1,100,RetinexPixelTrans,24,paired,datasets/LOLv2,4,384,42,10000,paired_pixel,1.0,0.3,0.001,0.001,0.1,0.7,v1,9.718215424642969,9.825046727604462,6.128033403386111,12.716967267530812,0.11186277754604816,0.10348403453826904,0.04530367758125067,0.19332964941859246,18.4999175843892,18.26244297232553,13.78006302180967,25.11295545711648,0.7192103034257888,0.7186427116394043,0.5912938505411148,0.8504618495702744,1.287429944859831,1.256453034186025,0.9268625761384033,1.707471793343013,0.4918862083333333,0.4996229166666667,0.0043675,0.9281560416666665,0.02437633426859975,0.022791143506765366,0.009680350543931127,0.04047707058489323,0.9509596197060187,0.954440913732396,0.9055711325025007,0.9793013976669688,8.78170215974623,8.330804487718353,1.0181917048026314,18.026498282950943,0.021044760728254914,0.014236248098313808,0.008391712978482246,0.05384860932826996,31.634130347263746,32.950621179930465,24.719725576423507,35.52848859487955,0.09643904823809862,0.0961778275668621,0.04383453018963337,0.15989890098571777,19.60650324068926,19.027182814697273,15.296308243158808,25.14339385134091,0.7594805002212525,0.7520174980163574,0.6411793708801269,0.8777669787406921,0.4595237696170807,0.46377333998680115,0.3977717489004135,0.5222358584403992,0.3852040395140648,0.3843316584825516,0.31370308995246887,0.5086612880229949,0.19101596303284168,0.18903642147779465,0.12742368504405022,0.2500439055263996,0.1561760637164116,0.16091381013393402,0.1016513854265213,0.21453386545181274,0.004850305555555556,0.00043680555555555557,0.0,0.029199097222222224,0.006989347222222222,4.861111111111111e-06,0.0,0.035165277777777774,0.10787267301231623,0.09200442582368851,0.04496981892734766,0.22332146689295768,0.9482220703363419,0.9736069142818451,0.8417513966560364,0.9876794278621674,0.02632894570939243,0.022743397392332554,0.010496356803923846,0.07242907509207724,0.016545062912628056,0.013261484913527966,0.008684520469978451,0.02660370245575905,0.8103357766054466,0.8226805344530286,0.6333871019994184,0.9427349767540725,0.2615572274578254,0.25491034485835096,0.05932031895656266,0.5405704988199331,0.09317737108044354,0.09312706886640171,0.051291344684463766,0.13794135333499744,0.04033440989027471,0.03375368180608429,0.01232093874003639,0.09982153139224412,35.363042536483796,35.59747526278395,30.086957451885297,39.4129511248021,35.13904719934854,35.66775296234387,30.318473389304252,38.87706526198482,33.20041073331676,33.03988015556441,29.412619256066833,38.73256303960046,19.791617050614697,19.37071093984624,15.791776991053695,24.67896342271409,0.287429944859831,1,2,2,3,3,15,39
LOLv2_1.0rh_0.3rl_0.001crh_0.001crl_0.1er_1.0smv1_20260720-071136,cr=0.001 er=0.1 sm=1.0v1,100,RetinexPixelTrans,24,paired,datasets/LOLv2,4,384,42,10000,paired_pixel,1.0,0.3,0.001,0.001,0.1,1.0,v1,9.718215424642969,9.825046727604462,6.128033403386111,12.716967267530812,0.1124551985040307,0.10756558179855347,0.04794061034917831,0.19390287771821021,18.441950310663128,17.98174128834203,13.52866797466683,24.31816194678614,0.710062695145607,0.7071898281574249,0.5847135990858078,0.8415929764509201,1.2929538743891422,1.2696791154055984,0.9343755521992956,1.7332448223210957,0.4888644166666667,0.52561875,0.005547916666666667,0.9236102083333332,0.024629013533703982,0.022896544076502323,0.0100742029491812,0.04140637032687664,0.9482471942540802,0.9530656253323021,0.9013683857965447,0.9748290073660207,8.723734886020157,8.720588412343147,0.880476073131417,17.216303961610762,0.017047051135450603,0.013549906201660633,0.008293246012181043,0.035317953675985336,31.86845877655134,32.68609706755033,27.717943092607015,34.852526190599015,0.10110006004571914,0.10044785588979721,0.04449666291475296,0.17203716412186623,19.321205336243573,18.685546759037706,14.600726708621881,24.755432898300192,0.7464872980117798,0.7397803068161011,0.6241792738437653,0.8643005728721619,0.4616242054104805,0.46551454067230225,0.39288260638713834,0.523020762205124,0.38044009208679197,0.38390764594078064,0.29577627778053284,0.5094089180231094,0.19109936371445657,0.19085519015789032,0.1291238870471716,0.24943164139986038,0.1559063148498535,0.16030876338481903,0.10008886456489563,0.2134896069765091,0.004315444444444445,0.0005986111111111111,0.0,0.023055902777777776,0.007317236111111112,9.722222222222223e-06,0.0,0.03843194444444444,0.10806720603257418,0.09482422843575478,0.038180581852793695,0.22501011341810226,0.9602602916955948,0.9794552624225616,0.8801973462104797,0.9876983761787415,0.02559803520794958,0.02230640035122633,0.00904516209848225,0.07704224549233914,0.011620867438614369,0.009405461605638266,0.007125977426767349,0.01664484478533268,0.7957391750484725,0.819737977784426,0.5998750859383608,0.9436586625074888,0.12237963715367638,0.1022973298898401,-0.005050730060059797,0.29675506109392163,0.0902050666337767,0.08957382110429653,0.047234134473483395,0.12681980570285245,0.0302610549526807,0.0243467723121869,0.011112882754358146,0.07576972821144734,35.1367634573909,35.250038838191486,30.285552284727206,38.991913134874714,34.330394495387694,34.66311951682674,30.086759601533835,37.661284439583454,32.91598589985135,32.62687430852691,29.025925806382816,38.36284579061043,19.45205180685394,19.419417893568387,15.114911329426118,24.414876532029425,0.2929538743891422,1,5,1,1,5,17,51
LOLv2_1.0rh_0.3rl_0.001crh_0.001crl_0.1er_0.8smv1_20260720-053058,cr=0.001 er=0.1 sm=0.8v1,100,RetinexPixelTrans,24,paired,datasets/LOLv2,4,384,42,10000,paired_pixel,1.0,0.3,0.001,0.001,0.1,0.8,v1,9.718215424642969,9.825046727604462,6.128033403386111,12.716967267530812,0.11216718122363091,0.10750454664230347,0.04514711238443851,0.18859030455350873,18.49584758479922,18.406669407400997,13.795972423591374,25.12679720797616,0.7155284905433654,0.7115364670753479,0.5811639040708542,0.8472990334033965,1.2897577043409487,1.2679620340167594,0.9332951010971772,1.7128524018023803,0.495107625,0.5291395833333333,0.004879166666666667,0.8971402083333333,0.02433384958654642,0.022673649713397026,0.010182598046958447,0.04160189460963011,0.9503306306300217,0.9537725959102534,0.9008967853718097,0.9785651680084733,8.77763216015625,8.739806381459886,0.915922570672488,18.0030086975754,0.02016811341047287,0.01394578441977501,0.008567918371409178,0.04809553921222687,31.602632785645856,32.692044561548514,25.525622688696508,35.25502487933352,0.09747517075389624,0.10014763474464417,0.043486411310732366,0.16082906872034072,19.58834510564011,18.84313441913875,15.17168840816561,25.15482718781942,0.75491750061512,0.7459012269973755,0.6194203048944473,0.8718487441539765,0.4600683617591858,0.46421512961387634,0.3940368890762329,0.5132670730352401,0.3843225657939911,0.3846607506275177,0.3012860119342804,0.5089503586292266,0.19026337780058383,0.18978750705718994,0.12687101289629937,0.24768008515238762,0.1564298064261675,0.16054710000753403,0.10161260515451431,0.2146156132221222,0.004586847222222222,0.0004173611111111111,0.0,0.023702638888888888,0.007255500000000001,1.4583333333333333e-05,0.0,0.037095833333333335,0.10928512021899223,0.09332042932510376,0.038403017446398735,0.22310267463326455,0.9513810122013092,0.9738675951957703,0.8560003638267517,0.9876361668109893,0.02694899549242109,0.023747755214571953,0.009862637659534811,0.07746724262833596,0.014232579590752721,0.01149274269118905,0.00780977918766439,0.022791797295212746,0.8063721607419906,0.8227404399679135,0.6321164487731173,0.9440599558940155,0.18463915679246512,0.14950168966859176,0.041005633246519554,0.45807120417237435,0.09373278214058155,0.09331935428144236,0.04957685028454839,0.13849111147256193,0.03582128923467848,0.03013906934164322,0.012777542071506626,0.08724878944185141,35.35364833202254,35.395165381165356,30.278151906064974,39.2711530474943,34.91017685158165,35.324503515876,30.268801883191415,38.47983969137937,33.26407423263544,33.130180685434375,29.515209804503723,38.586805158822294,19.74450112389404,19.073433197938023,15.570204169142906,24.686851196296764,0.2897577043409487,1,3,3,5,4,16,52
LOLv2_1.0rh_0.3rl_0.001crh_0.001crl_0.05er_0.5smv1_20260720-121319,cr=0.001 er=0.05 sm=0.5v1,100,RetinexPixelTrans,24,paired,datasets/LOLv2,4,384,42,10000,paired_pixel,1.0,0.3,0.001,0.001,0.05,0.5,v1,9.718215424642969,9.825046727604462,6.128033403386111,12.716967267530812,0.11172169122844934,0.10332700610160828,0.05332036092877388,0.1928865797817707,18.43989087658031,18.61683711176072,13.72484194133304,23.658857828589237,0.6811885780096054,0.6719339191913605,0.5069373726844788,0.8292625665664672,1.279769632983438,1.2489506417391607,0.9074927561901028,1.641273408484863,0.49031574999999994,0.5348333333333333,0.00191875,0.90961375,0.025928871394135057,0.023267737589776516,0.009725145576521753,0.04474967885762453,0.9489827684194655,0.9546907142854297,0.8981204730027849,0.9769778297703986,8.721675451937342,8.84694489737134,1.3006153706459191,17.08280009012999,0.02539546704851091,0.02001755405217409,0.01181083330884576,0.060511890798807144,30.572414813399813,31.507173806556636,23.653774141110084,34.363327074480814,0.09284615997225046,0.09090529382228851,0.05054194573312998,0.14066506549715993,19.782426160962633,19.329800227524014,16.003312836948453,24.096480218995268,0.7178285109996796,0.7160515189170837,0.5608456254005432,0.876333424448967,0.45672049462795256,0.45714838802814484,0.38982079029083255,0.5249628812074661,0.3909145551919937,0.39279013872146606,0.3236255645751953,0.5127231180667876,0.18974615260958672,0.1894494816660881,0.13592475578188895,0.24561423137784003,0.1565831109881401,0.16030620783567429,0.10227097570896149,0.2139725387096405,0.002488152777777778,0.00038958333333333336,0.0,0.011359861111111109,0.006551263888888889,9.027777777777777e-06,0.0,0.033009722222222225,0.10879542922601104,0.0943794921040535,0.035599565319716926,0.24189610704779627,0.9290098440647125,0.9508579671382904,0.8143678307533264,0.9799753725528717,0.02914388522040099,0.025168078020215034,0.009858268499374389,0.0852777648717165,0.025065824035555125,0.023707286454737186,0.013617215678095818,0.03730835020542145,0.8274961593439929,0.8385004672799293,0.6534162714093841,0.9452951053147473,0.40884082822468093,0.4143568403320443,0.18510657084939436,0.6370436949728943,0.0993060156879746,0.09547355903810083,0.05591763749560241,0.14971020581273137,0.05672211062330472,0.05199804743853013,0.019448260103011615,0.1178024847030511,36.094482103996164,36.22461105089501,31.445734637059026,39.83825842042266,35.82144980091152,36.2974141230721,30.56445835559188,40.145992373104534,33.636172278309395,33.48231838302202,29.905761930529533,38.959494852561065,20.224810617458314,20.244888884564254,16.96245674909571,23.993582514373365,0.27976963298343804,1,6,5,2,1,14,54
LOLv2_1.0rh_0.3rl_0.001crh_0.001crl_0.1er_0.5smv1_20260713-075255,cr=0.001 er=0.1 sm=0.5v1,100,RetinexPixelTrans,24,paired,datasets/LOLv2,4,384,42,10000,paired_pixel,1.0,0.3,0.001,0.001,0.1,0.5,v1,9.718215424642969,9.825046727604462,6.128033403386111,12.716967267530812,0.11398184653371572,0.10189018025994301,0.04685909226536751,0.1973611608147621,18.453362317692907,18.188159356990163,13.578684725116172,24.753512156015685,0.7301988381147385,0.7277141213417053,0.6119138032197953,0.8602073520421982,1.297440216630466,1.2691938740554756,0.9311312725254886,1.7016074286314127,0.5078980833333333,0.5372729166666668,0.002130625,0.958725625,0.024265024205669762,0.023052704520523548,0.009564056433737278,0.041508075781166553,0.952041180070462,0.9556592460429052,0.9126302985392821,0.9773961595645161,8.735146893049938,8.625201357325619,0.8934316566033608,17.588545593969823,0.031007451377809046,0.020100093446671963,0.01232836050912738,0.08538103103637695,29.810458323826516,31.378807298556552,20.975439026088864,34.421170058171256,0.09018419597297907,0.08278115838766098,0.04367299936711788,0.15167826563119888,20.137382306787295,20.143279972346114,15.604684137584139,25.301221596216944,0.775037282705307,0.7849729061126709,0.6612414300441741,0.8866614997386931,0.463363353908062,0.4635789692401886,0.40079992413520815,0.5262741833925247,0.3965917834639549,0.3937683701515198,0.33177629113197327,0.5124047368764877,0.18647131338715553,0.18495917320251465,0.12694976441562175,0.2434878408908844,0.15746641740202905,0.16108238697052002,0.10185001790523529,0.2183023989200592,0.0028282083333333336,0.00039444444444444444,0.0,0.017043819444444445,0.0068830416666666675,6.944444444444445e-06,0.0,0.033494444444444445,0.10732653075829149,0.09471605718135834,0.043804706633090974,0.22577132135629654,0.9155941158533096,0.9501217305660248,0.7654767632484436,0.9794732660055161,0.028896837988868357,0.02490244898945093,0.010564309498295187,0.08144627436995507,0.025027864975854755,0.02114634681493044,0.012646901793777941,0.04448771849274635,0.8272234481693566,0.8368645479735414,0.6530641197975021,0.945375440879269,0.47499178716541546,0.5161860957723916,0.19690084442689804,0.724350294537258,0.0979567756307091,0.0951936972854216,0.05392505091952863,0.1471233627028651,0.05533262777379557,0.047371872912913955,0.01905177179778316,0.11849666241332105,35.62063569445499,35.71332956366577,30.57491044194529,39.78066286233278,35.33117096738136,35.818948907131876,30.133372697548616,39.6678929725347,33.65601673204442,33.286565469419116,29.53019896449549,39.14993011740229,20.618384717360318,20.688517201522945,16.641573327334438,25.00874329546581,0.29744021663046594,1,4,7,6,6,10,64
LOLv2_1.0rh_0.3rl_0.005crh_0.005crl_0.1er_0.5smv1_20260720-171701,cr=0.005 er=0.1 sm=0.5v1,100,RetinexPixelTrans,24,paired,datasets/LOLv2,4,384,42,10000,paired_pixel,1.0,0.3,0.005,0.005,0.1,0.5,v1,9.718215424642969,9.825046727604462,6.128033403386111,12.716967267530812,0.11567148622125387,0.10814126208424568,0.04640675783157349,0.19589926078915593,18.329766905962355,18.061450856833474,13.554205536044398,24.844781651511347,0.7297365707159043,0.7280506491661072,0.6085300922393799,0.8574752449989319,1.3015712025937816,1.2771893288957619,0.9323894395489148,1.7036559535311162,0.5175745833333333,0.5866458333333333,0.0019110416666666668,0.9647697916666667,0.024148008925840257,0.022496921010315418,0.009526262991130354,0.04094346612691879,0.9517988325922306,0.9553032935506709,0.9093310640914107,0.9786354906240765,8.611551481319385,8.3684032763768,0.8843041731562483,17.67981508946548,0.042087571248412135,0.029281553812325,0.014894240908324719,0.1179656982421875,27.726564388031438,28.91296858235991,18.173266542698826,33.13073468087852,0.08471733573824167,0.07716347277164459,0.0433414863422513,0.1453561499714851,20.59375307307389,20.6338407763322,16.12431477764375,25.36539713183886,0.7785055142641067,0.791031539440155,0.6661213368177413,0.8936651021242141,0.4649042797088623,0.4659377485513687,0.3913782894611359,0.5283078372478486,0.4085212343931198,0.40510405600070953,0.34593668580055237,0.5172602027654647,0.18852790959179402,0.18322066962718964,0.1237960983067751,0.24664040505886078,0.15935540527105332,0.16022711992263794,0.10396429896354675,0.2267782986164093,0.002886416666666667,0.0003888888888888889,0.0,0.01670451388888889,0.006894305555555555,2.7083333333333332e-05,0.0,0.03355277777777778,0.10754057213664055,0.09500160068273544,0.04220772664994001,0.22822050750255585,0.8873262542486191,0.9259357452392578,0.6949076652526855,0.9713135361671448,0.02842996871098876,0.024872153997421265,0.010776997124776245,0.08071927465498446,0.029768366143107416,0.0248138178139925,0.016046160738915204,0.06228543817996979,0.8272414810553019,0.8394267513750137,0.6563334009203248,0.9460188191702117,0.5759033718579445,0.6287772678043507,0.28665133505550316,0.8121709552945907,0.09630581041406401,0.09198299632621527,0.05158047957402654,0.14462063176697523,0.062342210455168336,0.05640844480035216,0.023243274388338103,0.12246106411823018,35.61540880597289,35.74820167823481,30.540903370290906,39.76826381533036,35.18219079807431,35.72425936797248,30.102944688492,38.64595592406297,33.87778664581338,33.538503768649164,30.12210074414671,39.182521512707815,21.261934186908547,21.179898816913543,16.780847308483605,26.134392305303386,0.30157120259378156,1,7,11,7,7,6,84
LOLv2_1.0rh_0.3rl_0.001crh_0.001crl_0.2er_0.8smv1_20260722-153450,cr=0.001 er=0.2 sm=0.8v1,100,RetinexPixelTrans,24,paired,datasets/LOLv2,4,384,42,10000,paired_pixel,1.0,0.3,0.001,0.001,0.2,0.8,v1,9.718215424642969,9.825046727604462,6.128033403386111,12.716967267530812,0.11791275180876255,0.11269311234354973,0.03524662777781487,0.18876696601510048,18.25990205441103,17.741671220205056,13.512099680628902,26.844641717572568,0.7468891304731369,0.7483490407466888,0.6281964659690856,0.857888889312744,1.3204199331722635,1.3059908826255042,0.9491715925699231,1.758632560648759,0.536319625,0.59535625,0.0043793750000000005,0.9611352083333334,0.023751256777904926,0.022494956851005554,0.010524083627387881,0.04311771858483553,0.9535674094699518,0.9590186592826861,0.9039575465764279,0.980876530983766,8.541686629768062,7.990243447898448,0.5788027953307937,19.689036322871488,0.029738581907004118,0.018460869789123535,0.009822027292102575,0.08783470839262009,29.88215379481447,31.250729020929818,20.57590851668796,34.74702590273453,0.0944460653886199,0.09581461548805237,0.035382147133350375,0.15187132358551023,19.912310544630127,19.367713014760646,15.85927744172484,26.922960259409596,0.800414622426033,0.7983504831790924,0.70294349193573,0.8968568027019501,0.47104972302913667,0.47454699873924255,0.408614818751812,0.5313605099916457,0.3944761085510254,0.3881457895040512,0.3315778970718384,0.5109461367130278,0.18761930353939532,0.1826152428984642,0.12377660982310772,0.24572267085313798,0.1588357263058424,0.160843163728714,0.10217259079217911,0.2277030199766159,0.0062255416666666666,0.0005319444444444445,0.0,0.036111875,0.007567486111111112,2.6388888888888892e-05,0.0,0.03551527777777778,0.10914269652217627,0.0950104221701622,0.0383599815890193,0.22863801345229148,0.9273061764240265,0.9691945612430573,0.7475216388702393,0.98507719039917,0.02762164740357548,0.023642760701477528,0.010612253192812206,0.07772045396268368,0.014270998798310756,0.01118851499632001,0.007881015585735441,0.03467119485139847,0.8072075662307963,0.8225846090431059,0.6383183067834755,0.9448907544819782,0.311755781712572,0.26849693620772963,0.10016549045209447,0.703592743230934,0.10017799499875979,0.09697590531265954,0.05489459149330803,0.144059273249999,0.0353812612123361,0.02954896194703043,0.010403691175677026,0.08385054009848317,35.151781134020766,35.186724204187044,30.279030636520172,39.105148957443625,34.27235732093201,34.77520272447887,29.71970844984018,38.139108756319104,33.49306940785872,33.16460314639187,29.551616000970732,38.44299547634859,20.186299571567154,19.6321467122561,16.585395664552177,26.512372406911773,0.32041993317226347,1,8,6,10,9,13,95
LOLv2_1.0rh_0.3rl_0.001crh_0.001crl_0.2er_0.6smv1_20260722-102830,cr=0.001 er=0.2 sm=0.6v1,100,RetinexPixelTrans,24,paired,datasets/LOLv2,4,384,42,10000,paired_pixel,1.0,0.3,0.001,0.001,0.2,0.6,v1,9.718215424642969,9.825046727604462,6.128033403386111,12.716967267530812,0.11948672354221344,0.10833332687616348,0.048689468018710616,0.20369338542222978,18.16400522843118,17.790047863283753,13.225695695982326,24.902209147537732,0.7452458041906357,0.7485220432281494,0.6364923387765885,0.8551050305366515,1.3231642313568408,1.2940000036185257,0.9387287779772355,1.7398506447719124,0.5328198749999999,0.57184375,0.003605416666666667,0.9528779166666667,0.023009454729035497,0.02186673879623413,0.009710116591304541,0.03860750123858452,0.9518086715926518,0.955429327181942,0.9062558108203972,0.9801989035102657,8.44578980378821,8.231763467502454,0.6429016046262614,18.15752105823101,0.0372369341738522,0.026539131067693233,0.014671784546226264,0.10389091074466705,28.471453703891164,30.015825903278085,19.230942058909783,33.53160057155894,0.08993901714682578,0.08608356863260269,0.04056469388306141,0.14799880608916283,20.20749426783753,20.290378852745626,16.0570966963209,25.85343280455489,0.8028778868913651,0.8086479306221008,0.7041114807128906,0.8996799111366272,0.4717047971487045,0.47438232600688934,0.40913123190402984,0.5265922337770462,0.4029532691836357,0.39623837172985077,0.3412882387638092,0.5137563556432723,0.18748366340994835,0.18379352241754532,0.12328631281852723,0.24286881908774377,0.15867341056466103,0.1610487550497055,0.10176466405391693,0.22601580619812012,0.0049642083333333335,0.0004388888888888889,0.0,0.025254375,0.007205319444444445,2.2222222222222223e-05,0.0,0.0343875,0.10776248957961798,0.09472580999135971,0.038093708269298074,0.23022187128663063,0.9039950323104858,0.9403271377086639,0.7374781966209412,0.9747351914644241,0.03028583388775587,0.02685980498790741,0.011908428370952606,0.07457918412983418,0.021763500291854143,0.01814898941665888,0.011599074536934496,0.04423803463578224,0.8112576206260436,0.8209808688067071,0.6454735892203404,0.9529760093769346,0.559996732044298,0.6154841181229769,0.2403372107660727,0.8279451963530601,0.10925970906916796,0.10431756511365026,0.05927766363724418,0.1626096686040267,0.04882916304927959,0.04259893524360066,0.018038001050818164,0.0988257330699654,35.17941110772885,35.22802582515645,30.38549622591296,39.157725688189515,34.17923331964393,34.73539233536012,29.285792979340997,38.10408346205178,33.7929316753644,33.57886842300891,30.099439724247617,38.89536107264468,20.622475758405677,20.59178028616487,16.726607743679992,25.66979452923698,0.3231642313568408,1,9,9,8,10,8,98
LOLv2_1.0rh_0.3rl_0.003crh_0.003crl_0.1er_0.5smv1_20260720-153620,cr=0.003 er=0.1 sm=0.5v1,100,RetinexPixelTrans,24,paired,datasets/LOLv2,4,384,42,10000,paired_pixel,1.0,0.3,0.003,0.003,0.1,0.5,v1,9.718215424642969,9.825046727604462,6.128033403386111,12.716967267530812,0.1184392537176609,0.11022451147437096,0.04609174355864525,0.20241772532463073,18.15656565795371,17.716456204942098,13.433221580720199,24.915064890831324,0.7268853932619095,0.7267264425754547,0.590818339586258,0.851611641049385,1.3170756777549046,1.2980868554382563,0.9350527256612458,1.7352340641308484,0.5353797916666667,0.5706791666666666,0.002269791666666667,0.9603147916666666,0.024151739138178526,0.02261286787688732,0.010352563438937068,0.04050968289375305,0.9515973917992337,0.9550897634538686,0.9085408918367649,0.9777985213432758,8.438350233310743,8.17865436424755,0.7107883633900672,17.75009832878546,0.037416069218888875,0.024947751313447952,0.01368154617957771,0.11387553066015244,28.69840089089665,30.433396307033014,18.51319126753844,33.842739871795814,0.0889895274117589,0.08116592094302177,0.044427969306707386,0.14982978180050846,20.206458017007,20.198977981233426,15.637369207620113,25.1943803056063,0.7757594698667526,0.7882165610790253,0.6592515707015991,0.8842955231666565,0.46996019840240477,0.47311776876449585,0.40735797584056854,0.5296320259571076,0.4034634202718735,0.3989148437976837,0.34095558524131775,0.5149515241384506,0.18715509936213492,0.18524840474128723,0.12603207714855671,0.24429385513067245,0.1586587066948414,0.1610197275876999,0.10509946942329407,0.22239437699317932,0.002990583333333333,0.00039444444444444444,0.0,0.017186805555555556,0.0065755,1.1805555555555555e-05,0.0,0.03277638888888889,0.10496922705322503,0.09194628521800041,0.037570770271122454,0.21911295428872107,0.8988604664802551,0.9394296109676361,0.7020409107208252,0.97490473985672,0.028566521853208543,0.02484969049692154,0.010864504566416145,0.08287474401295185,0.026977243674919008,0.023814504966139793,0.013800423685461282,0.05100521072745323,0.8304541667368828,0.8430217114227172,0.6609272477069245,0.9476722509220494,0.5243703600046915,0.5675863500924904,0.2338885817794609,0.7632844152140359,0.09656938215597977,0.09250159526361494,0.05361783130923806,0.14118426876660056,0.058400930397312575,0.050684803997362186,0.021279516434695393,0.12015021972859562,35.559463868476385,35.77119730490661,30.509653864031534,39.61459634162676,35.284316955908075,35.83938280208017,30.14967363020167,39.6633326215739,33.65554309601687,33.45226876457409,29.58256032926445,38.955673316410376,20.85581962019843,20.804943673243294,16.62342045201902,25.024311135923288,0.31707567775490464,1,10,8,9,8,9,99
LOLv2_1.0rh_0.3rl_0.001crh_0.001crl_0.15er_0.5smv1_20260720-135547,cr=0.001 er=0.15 sm=0.5v1,100,RetinexPixelTrans,24,paired,datasets/LOLv2,4,384,42,10000,paired_pixel,1.0,0.3,0.001,0.001,0.15,0.5,v1,9.718215424642969,9.825046727604462,6.128033403386111,12.716967267530812,0.12078396698459982,0.11197270080447197,0.043351128324866296,0.20504508689045903,18.121238875298033,17.462191303344422,13.234530609282782,25.46879602467348,0.7395689576864243,0.7375621497631073,0.6336166501045226,0.8516798108816147,1.3285367948650815,1.2998512387830399,0.9491876381429571,1.7428311749276488,0.5470263750000001,0.62036875,0.0028689583333333336,0.9773743749999999,0.02327346342150122,0.0220291530713439,0.009155575465410948,0.03848734274506569,0.9520817262654987,0.9560836390616276,0.9091241640946496,0.9775784181488747,8.403023450655065,7.891012268943973,0.5296204621618928,17.74070316699464,0.04515608213841915,0.03364302031695843,0.017867597937583923,0.10750097781419754,27.00030492468181,27.725272108954982,18.7174123794846,32.53971912929854,0.08514994580298663,0.07937928661704063,0.038506852649152275,0.13791748732328413,20.64003417353907,20.289208040736536,16.478223215293607,25.723297540102536,0.7958150434494019,0.8050282895565033,0.6982912659645081,0.8954693078994751,0.47400162994861605,0.47512978315353394,0.4112990394234657,0.5347390741109849,0.4117079266905785,0.4084770232439041,0.3523463308811188,0.519181853532791,0.18549496173858643,0.18294167518615723,0.12177934721112252,0.24254266023635862,0.15939550764858723,0.16092677414417267,0.10519052296876907,0.2255207896232605,0.0031061527777777776,0.00039375,0.0,0.01727673611111111,0.006797583333333333,4.8611111111111115e-05,0.0,0.03265138888888889,0.1053952743858099,0.09172869846224785,0.04327956233173609,0.22115760818123817,0.8783221137523651,0.9122552573680878,0.6963441967964172,0.9664473474025727,0.030701362062245607,0.026282044127583504,0.011400150461122393,0.08722621239721776,0.030752540230751038,0.026919646188616753,0.01775874421000481,0.06070221960544586,0.8260024685286728,0.8323384283270816,0.6477809575843076,0.9459810273284701,0.6366458618303769,0.6587750632290386,0.3860607165311558,0.8551495183708521,0.101859483322524,0.09787429273495574,0.05505969818364917,0.1503051647449339,0.06229932478397027,0.058127888667120965,0.023676954502803885,0.11992947974322403,35.52355175111,35.59835019625672,30.51558727219823,39.65263801892637,34.953067375895586,35.396634916237076,29.794646173045464,39.39334876900232,33.932679988005745,33.48384325290428,29.904171663480977,39.21802431635444,21.325686628869597,21.196123385965947,17.363283529090157,25.6737810932457,0.32853679486508147,1,11,12,12,11,5,119
LOLv2_1.0rh_0.3rl_0.001crh_0.001crl_0.3er_0.8smv1_20260722-171654,cr=0.001 er=0.3 sm=0.8v1,100,RetinexPixelTrans,24,paired,datasets/LOLv2,4,384,42,10000,paired_pixel,1.0,0.3,0.001,0.001,0.3,0.8,v1,9.718215424642969,9.825046727604462,6.128033403386111,12.716967267530812,0.12257821876555682,0.11386409029364586,0.034263073839247225,0.206627307087183,17.98304733109011,17.62839503331702,13.138077163659307,27.036436564450323,0.7456771594285965,0.7483652234077454,0.6381275087594986,0.8610892146825789,1.3438654465150512,1.288550167478567,0.9742833985216948,1.7563274102208934,0.5469932916666667,0.5731770833333334,0.006082916666666668,0.9488560416666667,0.02347811758052558,0.020681988447904587,0.009903069492429495,0.041656085476279255,0.9509833081459165,0.9566345379039222,0.8906642656934942,0.9813484018308062,8.26483190644714,7.359845141018884,0.5747272931158464,20.370100035003418,0.03569467656314373,0.026877300813794136,0.012994483578950168,0.10156796872615814,28.437911795680062,29.414095638441893,19.462899935470862,33.75676882193853,0.09282124793156982,0.09083129093050957,0.02976358849555254,0.15394856706261636,20.010146473431433,19.313233799560184,15.753463438543683,27.557568679214384,0.8086611348390579,0.8082811832427979,0.7145719528198242,0.8941638112068175,0.4789016437530518,0.4804772883653641,0.42452911138534544,0.532997715473175,0.40114616304636,0.3963705152273178,0.3383602499961853,0.5148493230342864,0.18903787672519684,0.18780280649662018,0.1236664354801178,0.24863748624920845,0.16046616815030576,0.1616971641778946,0.10216066986322403,0.2291894257068634,0.007521152777777778,0.0012625,0.0,0.04006465277777778,0.007716430555555555,9.513888888888888e-05,0.0,0.03501111111111111,0.10677331976592541,0.09409106150269508,0.036695510707795614,0.2207093857228756,0.9071418792009354,0.9392570555210114,0.7435219883918762,0.9777874797582626,0.028869715756736695,0.025389501824975014,0.011144854966551066,0.0767615582793951,0.01566747235134244,0.013250095769762993,0.009085905691608786,0.03206140547990799,0.8068169846740291,0.8198011642068432,0.6414588688823964,0.9451154334071438,0.4022160116437404,0.36378851287599256,0.16385559831987184,0.7702510908776053,0.09985899054420162,0.09907091652931427,0.05373424685848154,0.14322900726421714,0.037683803711996304,0.03101205104605391,0.013689029541518023,0.07496980997438837,34.9954060119943,35.10356983379509,30.2424559785716,38.946158773122505,33.78123077068459,34.34530989133322,29.098085071883318,38.05004129380667,33.60283714446007,33.42893186896211,29.38173164130785,38.63712688034701,20.49197686158576,19.953459480547103,16.68838392506999,26.907638898219027,0.34386544651505124,1,12,10,11,12,11,125
LOLv2_1.0rh_0.3rl_0.001crh_0.001crl_0.3er_0.6smv1_20260722-121029,cr=0.001 er=0.3 sm=0.6v1,100,RetinexPixelTrans,24,paired,datasets/LOLv2,4,384,42,10000,paired_pixel,1.0,0.3,0.001,0.001,0.3,0.6,v1,9.718215424642969,9.825046727604462,6.128033403386111,12.716967267530812,0.12816913353279233,0.12153598666191101,0.034604097716510296,0.21451381519436835,17.73672568518804,17.057574501589045,12.791397534323474,27.080475520632127,0.741258898973465,0.7443035840988159,0.6278961479663849,0.85098397731781,1.3649979916303363,1.3330096704823966,0.9762946192619926,1.77315430316929,0.593700125,0.6662625,0.003899791666666667,0.9580479166666666,0.022553548431023956,0.02138632070273161,0.009039437770843504,0.03902811985462904,0.9542687993969353,0.9596005163800494,0.9044308081171085,0.981013003018183,8.018510260545073,7.146223161720315,0.5438944055954787,20.877000712145207,0.04799344725906849,0.03445830196142197,0.02133304374292493,0.11204520612955093,26.452784674254485,26.842390858755625,18.41425081051428,31.642477472393445,0.08784456163644791,0.08026619628071785,0.03234122470021248,0.14098932445049284,20.46300855894112,20.217813074007758,16.432807448241135,27.474875502895365,0.8117750173807144,0.814256876707077,0.7190885961055755,0.8991529941558838,0.48654711931943895,0.48603738844394684,0.4362205922603607,0.543871173262596,0.41444268584251404,0.4081392288208008,0.352592408657074,0.5214132726192474,0.18640311151742936,0.18218954652547836,0.12750358656048774,0.24210531413555145,0.16062666669487954,0.16080984473228455,0.10431207716464996,0.2302912473678589,0.006005916666666666,0.0006048611111111111,0.0,0.03306881944444444,0.007499194444444445,7.361111111111111e-05,0.0,0.034209722222222225,0.10242077223956585,0.08741316199302673,0.034196175448596475,0.21596101969480513,0.8723516666889191,0.9111299514770508,0.6841731667518616,0.9568501234054565,0.030323559576645495,0.026320938020944595,0.011658493708819152,0.07883286960422993,0.026498419735580682,0.022319573909044266,0.014820139855146408,0.05732098966836929,0.8206136818531138,0.8364946359416596,0.6564486203711821,0.9479598291980886,0.6572641852145393,0.7036997200884648,0.37917950355608127,0.8827834107070744,0.10429433225625281,0.1000918101516299,0.056458460671873024,0.14965719741135236,0.05289543826518126,0.04710474569071861,0.021158141542825987,0.09852580873959375,35.24836447484674,35.292971077873936,30.483205392114087,39.043531440387085,33.947090877775636,34.48528028750417,28.884229983165667,38.43103131981347,33.69697346400082,33.51928943106152,29.74407929603285,38.4975020199099,21.212356346681414,20.96390070011297,17.341315026934826,27.02629690155584,0.3649979916303363,1,13,13,13,13,7,137
LOLv2_1.0rh_0.3rl_0.001crh_0.001crl_0.5er_0.8smv1_20260722-185856,cr=0.001 er=0.5 sm=0.8v1,100,RetinexPixelTrans,24,paired,datasets/LOLv2,4,384,42,10000,paired_pixel,1.0,0.3,0.001,0.001,0.5,0.8,v1,9.718215424642969,9.825046727604462,6.128033403386111,12.716967267530812,0.14914285391569138,0.14441084116697311,0.04165279157459736,0.2558201432228088,16.584834632527073,15.98074000721072,11.400028456339511,24.863092754227214,0.7243448787927628,0.7351295351982117,0.5817285716533661,0.8325701445341109,1.4353808826867054,1.382616854586611,1.0041086479291137,1.974266828997263,0.6830497083333333,0.8001666666666667,0.007262083333333333,0.9901760416666665,0.02436856722459197,0.020902132615447044,0.01000604210421443,0.04575518053025007,0.9484141350124241,0.9528878127806266,0.889896887305349,0.9797142259712361,6.866619207884105,5.874517262762857,-0.7112343898265333,19.247933708263837,0.08864911276847125,0.07280814275145531,0.042475663125514984,0.17871542274951935,21.134092574278654,21.678400719746513,14.569840124641738,26.546285775930762,0.0761870532296598,0.07311084493994713,0.0315814821049571,0.11646374128758907,21.56595339385719,21.3087840900495,17.538846261038948,27.377324343480645,0.8460643231868744,0.843675434589386,0.7514018505811692,0.9276234000921249,0.5111923676729202,0.5154401659965515,0.4574868828058243,0.5610051810741424,0.4558027881383896,0.4427424520254135,0.39773592352867126,0.5472859352827071,0.1854372239112854,0.1821715533733368,0.12287690900266171,0.24334005042910575,0.16407617837190627,0.16453205049037933,0.11487042903900146,0.22397059202194214,0.007439916666666668,0.002061111111111111,0.0,0.03956173611111111,0.008673277777777776,0.00041944444444444445,0.0,0.038663888888888887,0.09631543766707182,0.08185523375868797,0.02987214708700776,0.2073201276361942,0.789598371386528,0.8291140496730804,0.5761703252792358,0.9157544702291488,0.0294399529742077,0.025230114348232746,0.0099768100772053,0.07954782359302043,0.04379038468003273,0.03892162814736366,0.02143952837213874,0.09508241713047028,0.8054660050741661,0.8256404146824967,0.6419715890482794,0.9433292416857193,0.7974741526258355,0.8239504091248728,0.6631224325151185,0.9175992963983193,0.09853167902358904,0.09428889902962029,0.05321076791887809,0.1463773335171859,0.0642514591556174,0.06051065342965458,0.030944978946919388,0.11137205906543224,34.77291576172168,35.05036662644761,30.458484117178127,38.8680942768924,31.775584977971825,32.37778417394156,26.370852565319865,36.46613031121791,33.70948710552668,33.72134048473975,29.783158931810984,38.605635373156794,22.47628460136374,22.28640842862321,19.907320217393185,26.474291152600063,0.4353808826867054,1,14,14,14,14,4,144
LOLv2_1.0rh_0.3rl_0.001crh_0.001crl_0.5er_0.6smv1_20260722-135247,cr=0.001 er=0.5 sm=0.6v1,100,RetinexPixelTrans,24,paired,datasets/LOLv2,4,384,42,10000,paired_pixel,1.0,0.3,0.001,0.001,0.5,0.6,v1,9.718215424642969,9.825046727604462,6.128033403386111,12.716967267530812,0.24767275035381317,0.24854923784732819,0.11534905843436719,0.3506362959742546,12.11758697687515,11.676186332362246,8.986006383211791,17.87340850938052,0.6364509248733521,0.6341874003410339,0.48761055916547774,0.766909995675087,1.729499924049298,1.6707138926021177,1.181977171764795,2.2837764173819224,0.920739,0.9808145833333333,0.5960920833333333,0.999755625,0.024065012256614865,0.02177387196570635,0.009870474971830844,0.043383436277508736,0.9170011466980025,0.9255698088576596,0.8669553329883137,0.9571405880159544,2.3993715522321817,1.8105186886848736,-3.6621855183236223,10.889977372821088,0.20241886846721172,0.19320912659168243,0.12070485204458237,0.2951202988624573,13.681420310439682,13.65117105476813,10.073015943710054,17.572140728483912,0.06709271160885692,0.07029487565159798,0.02832370474934578,0.09140335246920586,22.275923101036987,21.593242123638436,19.708888677149684,28.45116484781194,0.8612817823886871,0.8653273582458496,0.7848202466964721,0.9322685986757279,0.6145773047208786,0.6182608604431152,0.5786571770906449,0.6508155524730682,0.5700948774814606,0.5632239282131195,0.5232720971107483,0.6269105672836303,0.15878993429243565,0.16051828116178513,0.11053086295723914,0.2109399303793907,0.14777778081595896,0.14430613815784454,0.10098899155855179,0.19846631586551666,0.004770680555555556,0.0019631944444444445,0.0,0.020001527777777778,0.008944972222222222,0.0011069444444444445,0.0,0.0545,0.08099365051835776,0.06634201481938362,0.03004022603854537,0.18413259238004684,0.6188417351245881,0.6392454206943512,0.4469044804573059,0.7798015832901001,0.035346996951848265,0.02765537239611149,0.010535157565027476,0.10301080383360386,0.11499115403741599,0.11864074319601059,0.06059796027839184,0.166840061545372,0.849707833180721,0.8657905235522692,0.6932545868336025,0.9661247270784133,0.8722080307284679,0.8869297143598697,0.7443345601239404,0.9322069966659847,0.11846677040906427,0.10852596026028821,0.06869317740729747,0.18461051182570634,0.17612726252198385,0.18025107340946886,0.09218291350202468,0.2488770071443865,34.806063800005035,35.08821158229466,31.15491618414166,38.629808810053,29.864797589880418,30.430692397773388,24.339000567325396,34.172308491996255,34.1141205859541,34.26086631259439,30.84804382986961,38.544317122114336,24.18332984557326,23.94488257756209,21.714586466604644,27.679510720312848,0.7294999240492981,1,15,15,15,15,3,153
LOLv2_1.0rh_0.3rl_0.001crh_0.001crl_0.1er_0.3smv1_20260722-084625,cr=0.001 er=0.1 sm=0.3v1,100,RetinexPixelTrans,24,paired,datasets/LOLv2,4,384,42,10000,paired_pixel,1.0,0.3,0.001,0.001,0.1,0.3,v1,9.718215424642969,9.825046727604462,6.128033403386111,12.716967267530812,0.33543010920286176,0.3308359384536743,0.1941856808960438,0.44810587763786314,9.344828368498218,9.291309576299385,6.875375000158725,13.405478017909726,0.556901003420353,0.5554124414920807,0.40377957522869107,0.680216723680496,1.9776694242593942,1.861009570204047,1.3245212279805278,2.697276615741348,0.9569876666666667,0.9919333333333333,0.7868079166666666,1.0,0.026007868405431508,0.024745430797338486,0.011881841532886028,0.047321864776313304,0.858577519068455,0.8679497974425239,0.7754759119796152,0.9130932252806021,-0.3733870561447509,-0.43674926677203096,-5.7712001728971725,6.822158488191164,0.30251945063471797,0.30060121417045593,0.2025568850338459,0.39663463830947876,10.033393134015581,9.988003106941898,7.765151975428102,12.91268078908636,0.06297227021306753,0.059351954609155655,0.03947496172040701,0.0905180126428604,22.29832913551266,22.380142787624592,18.686353624469735,25.901193297681363,0.798120624423027,0.8012105226516724,0.6934954524040222,0.8880800068378448,0.7010625964403152,0.7018539011478424,0.6721483021974564,0.7325938791036606,0.6699125558137894,0.667294979095459,0.6373541951179504,0.7176904261112212,0.1208995109051466,0.11794774979352951,0.08184644617140292,0.16503612920641897,0.12853539951145648,0.12055575102567673,0.08351825922727585,0.20061267912387848,0.0033800694444444447,0.0006333333333333333,0.0,0.014686388888888888,0.006329277777777777,0.0016347222222222223,4.166666666666667e-06,0.025277777777777777,0.0717134826630354,0.060039835050702095,0.022910558991134165,0.16786371767520905,0.5254330930113792,0.5425244271755219,0.38393333554267883,0.6917680412530899,0.04282718752510846,0.034880587831139565,0.012321027182042598,0.11871594823896885,0.1464325651526451,0.1475430428981781,0.0849042996764183,0.2022191733121872,0.8928199951918178,0.902242427776895,0.7608785597893856,0.9774072854367482,0.9186462144582167,0.9285208624254903,0.8673836077586567,0.9578698756221129,0.17950536696845037,0.17033648290809494,0.11481120569479517,0.26839539983538396,0.32658302968319597,0.32630650095977737,0.1924862378003449,0.46151909847385486,35.490354204028996,35.600050289480876,31.930390327728475,39.073018217486414,29.07848163939837,29.67648199438635,23.988579881907324,33.015434981519356,34.955023283998386,35.14873580036485,31.026940845757213,38.908728055058035,25.303398999942292,25.581355450766985,22.419279611000814,27.88784923227808,0.9776694242593942,1,16,16,16,16,2,162
LOLv2_1.0rh_0.3rl_0.001crh_0.001crl_0.1er_0.1smv1_20260722-070424,cr=0.001 er=0.1 sm=0.1v1,100,RetinexPixelTrans,24,paired,datasets/LOLv2,4,384,42,10000,paired_pixel,1.0,0.3,0.001,0.001,0.1,0.1,v1,9.718215424642969,9.825046727604462,6.128033403386111,12.716967267530812,0.39004259184002876,0.37995295226573944,0.24956704080104827,0.5115602880716323,8.00865571869285,8.132352662012893,5.747444876629661,11.095446714365558,0.5179308122396469,0.5129234194755554,0.3441061317920685,0.6534940600395202,2.133643978167912,2.001745259459153,1.4535951571010322,2.958196458809472,0.9711030416666666,0.9939104166666666,0.8442791666666667,1.0,0.02524838484823704,0.022759112529456615,0.010515473550185561,0.043810625560581684,0.8653368084211354,0.8739460799224751,0.7721888150887003,0.9242920091064009,-1.709559705950118,-1.7493120380088287,-6.700563673593932,5.000746245572796,0.36328151658177377,0.35500477254390717,0.24909654632210732,0.46638619899749756,8.508499442004752,8.510108418875891,6.41107038785885,11.169497990262313,0.05103657903149724,0.04674842394888401,0.03294964637607336,0.07982049584388733,23.948457861386224,24.311868199519218,19.326652146040033,27.481028569599633,0.865818378329277,0.8751002848148346,0.7728646755218506,0.9362306535243988,0.7561142629384995,0.756158709526062,0.7202323168516159,0.7887650310993195,0.7306444704532623,0.7322244644165039,0.6910317540168762,0.7554454475641249,0.1033946242183447,0.09799399599432945,0.06356296334415674,0.15776253268122672,0.11254739500582218,0.10430283844470978,0.0641850247979164,0.1914084404706955,0.01106776388888889,0.0029763888888888887,0.0,0.04332652777777774,0.015348444444444444,0.003704166666666667,0.0,0.0782625,0.06925369461998343,0.05751742050051689,0.022308011166751386,0.16352352201938627,0.49232212126255037,0.5064645409584045,0.35705888271331787,0.6557934284210204,0.04514202853664756,0.038341887295246124,0.01297986749559641,0.11509333327412605,0.15019301682710648,0.14479097723960876,0.08663276247680188,0.20831748843193054,0.9273005196161769,0.9371618024625374,0.8186808652748268,0.9858948384485353,0.9517086734574051,0.9584734222337481,0.8878523555798553,0.9794535457625863,0.31004019204082184,0.3044453794961226,0.20206222079875827,0.44427571345340017,0.5961893109878446,0.593534908582474,0.43560905051976295,0.7852359817973948,36.19945302345603,36.443768067721976,32.78405671705741,39.52570313313522,29.43732919171253,29.99875791778028,24.416062246212086,33.31765461956904,35.92905370809967,36.18683091595291,32.29828826346423,39.2344137600318,26.32951351847983,26.524916820345638,23.392523769975398,28.634307489337168,1.1336439781679122,1,17,17,17,17,1,171
