run,label,n_images,model.name,model.dim,data.mode,data.path,data.batch_size,data.crop_size,training.seed,training.max_iterations,loss.mode,loss.recon_weight_high,loss.recon_weight_low,loss.cross_recon_weight_high,loss.cross_recon_weight_low,loss.equal_r_weight,loss.smooth_weight,loss.smooth_version,input_low_highref_psnr_mean,input_low_highref_psnr_median,input_low_highref_psnr_p05,input_low_highref_psnr_p95,r_low_highref_l1_mean,r_low_highref_l1_median,r_low_highref_l1_p05,r_low_highref_l1_p95,r_low_highref_psnr_mean,r_low_highref_psnr_median,r_low_highref_psnr_p05,r_low_highref_psnr_p95,r_low_highref_ssim_mean,r_low_highref_ssim_median,r_low_highref_ssim_p05,r_low_highref_ssim_p95,r_low_highref_mean_ratio_mean,r_low_highref_mean_ratio_median,r_low_highref_mean_ratio_p05,r_low_highref_mean_ratio_p95,r_low_highref_overbright_010_mean,r_low_highref_overbright_010_median,r_low_highref_overbright_010_p05,r_low_highref_overbright_010_p95,r_low_highref_chroma_l1_mean,r_low_highref_chroma_l1_median,r_low_highref_chroma_l1_p05,r_low_highref_chroma_l1_p95,r_low_highref_gray_corr_mean,r_low_highref_gray_corr_median,r_low_highref_gray_corr_p05,r_low_highref_gray_corr_p95,r_low_highref_psnr_gain_vs_input_mean,r_low_highref_psnr_gain_vs_input_median,r_low_highref_psnr_gain_vs_input_p05,r_low_highref_psnr_gain_vs_input_p95,r_high_highref_l1_mean,r_high_highref_l1_median,r_high_highref_l1_p05,r_high_highref_l1_p95,r_high_highref_psnr_mean,r_high_highref_psnr_median,r_high_highref_psnr_p05,r_high_highref_psnr_p95,r_consistency_l1_mean,r_consistency_l1_median,r_consistency_l1_p05,r_consistency_l1_p95,r_consistency_psnr_mean,r_consistency_psnr_median,r_consistency_psnr_p05,r_consistency_psnr_p95,r_consistency_ssim_mean,r_consistency_ssim_median,r_consistency_ssim_p05,r_consistency_ssim_p95,r_low_mean_mean,r_low_mean_median,r_low_mean_p05,r_low_mean_p95,r_high_mean_mean,r_high_mean_median,r_high_mean_p05,r_high_mean_p95,r_low_std_mean,r_low_std_median,r_low_std_p05,r_low_std_p95,r_high_std_mean,r_high_std_median,r_high_std_p05,r_high_std_p95,r_low_bright_095_mean,r_low_bright_095_median,r_low_bright_095_p05,r_low_bright_095_p95,r_high_bright_095_mean,r_high_bright_095_median,r_high_bright_095_p05,r_high_bright_095_p95,l_low_mean_mean,l_low_mean_median,l_low_mean_p05,l_low_mean_p95,l_high_mean_mean,l_high_mean_median,l_high_mean_p05,l_high_mean_p95,l_low_std_mean,l_low_std_median,l_low_std_p05,l_low_std_p95,l_high_std_mean,l_high_std_median,l_high_std_p05,l_high_std_p95,l_low_input_gray_corr_mean,l_low_input_gray_corr_median,l_low_input_gray_corr_p05,l_low_input_gray_corr_p95,l_high_input_gray_corr_mean,l_high_input_gray_corr_median,l_high_input_gray_corr_p05,l_high_input_gray_corr_p95,l_low_tv_to_input_mean,l_low_tv_to_input_median,l_low_tv_to_input_p05,l_low_tv_to_input_p95,l_high_tv_to_input_mean,l_high_tv_to_input_median,l_high_tv_to_input_p05,l_high_tv_to_input_p95,self_low_psnr_mean,self_low_psnr_median,self_low_psnr_p05,self_low_psnr_p95,self_high_psnr_mean,self_high_psnr_median,self_high_psnr_p05,self_high_psnr_p95,cross_low_psnr_mean,cross_low_psnr_median,cross_low_psnr_p05,cross_low_psnr_p95,cross_high_psnr_mean,cross_high_psnr_median,cross_high_psnr_p05,cross_high_psnr_p95,r_low_highref_mean_ratio_abs_err,n_best_r_low_highref_psnr,rank_r_low_highref_psnr,rank_r_high_highref_psnr,rank_overbright,rank_mean_ratio,rank_consistency,corrected_rank_score
LOLv2_1.0rh_0.3rl_0.001crh_0.001crl_0.05er_0.5smv1_20260720-121319,cr=0.001 er=0.05 sm=0.5v1,100,RetinexPixelTrans,24,paired,datasets/LOLv2,4,384,42,10000,paired_pixel,1.0,0.3,0.001,0.001,0.05,0.5,v1,9.718215424642969,9.825046727604462,6.128033403386111,12.716967267530812,0.11172169122844934,0.10332700610160828,0.05332036092877388,0.1928865797817707,18.43989087658031,18.61683711176072,13.72484194133304,23.658857828589237,0.6811885780096054,0.6719339191913605,0.5069373726844788,0.8292625665664672,1.279769632983438,1.2489506417391607,0.9074927561901028,1.641273408484863,0.49031574999999994,0.5348333333333333,0.00191875,0.90961375,0.025928871394135057,0.023267737589776516,0.009725145576521753,0.04474967885762453,0.9489827684194655,0.9546907142854297,0.8981204730027849,0.9769778297703986,8.721675451937342,8.84694489737134,1.3006153706459191,17.08280009012999,0.02539546704851091,0.02001755405217409,0.01181083330884576,0.060511890798807144,30.572414813399813,31.507173806556636,23.653774141110084,34.363327074480814,0.09284615997225046,0.09090529382228851,0.05054194573312998,0.14066506549715993,19.782426160962633,19.329800227524014,16.003312836948453,24.096480218995268,0.7178285109996796,0.7160515189170837,0.5608456254005432,0.876333424448967,0.45672049462795256,0.45714838802814484,0.38982079029083255,0.5249628812074661,0.3909145551919937,0.39279013872146606,0.3236255645751953,0.5127231180667876,0.18974615260958672,0.1894494816660881,0.13592475578188895,0.24561423137784003,0.1565831109881401,0.16030620783567429,0.10227097570896149,0.2139725387096405,0.002488152777777778,0.00038958333333333336,0.0,0.011359861111111109,0.006551263888888889,9.027777777777777e-06,0.0,0.033009722222222225,0.10879542922601104,0.0943794921040535,0.035599565319716926,0.24189610704779627,0.9290098440647125,0.9508579671382904,0.8143678307533264,0.9799753725528717,0.02914388522040099,0.025168078020215034,0.009858268499374389,0.0852777648717165,0.025065824035555125,0.023707286454737186,0.013617215678095818,0.03730835020542145,0.8274961593439929,0.8385004672799293,0.6534162714093841,0.9452951053147473,0.40884082822468093,0.4143568403320443,0.18510657084939436,0.6370436949728943,0.0993060156879746,0.09547355903810083,0.05591763749560241,0.14971020581273137,0.05672211062330472,0.05199804743853013,0.019448260103011615,0.1178024847030511,36.094482103996164,36.22461105089501,31.445734637059026,39.83825842042266,35.82144980091152,36.2974141230721,30.56445835559188,40.145992373104534,33.636172278309395,33.48231838302202,29.905761930529533,38.959494852561065,20.224810617458314,20.244888884564254,16.96245674909571,23.993582514373365,0.27976963298343804,1,6,5,2,1,21,61
LOLv2_1.0rh_0.3rl_0.001crh_0.001crl_0.15er_0.5smv1_20260720-135547,cr=0.001 er=0.15 sm=0.5v1,100,RetinexPixelTrans,24,paired,datasets/LOLv2,4,384,42,10000,paired_pixel,1.0,0.3,0.001,0.001,0.15,0.5,v1,9.718215424642969,9.825046727604462,6.128033403386111,12.716967267530812,0.12078396698459982,0.11197270080447197,0.043351128324866296,0.20504508689045903,18.121238875298033,17.462191303344422,13.234530609282782,25.46879602467348,0.7395689576864243,0.7375621497631073,0.6336166501045226,0.8516798108816147,1.3285367948650815,1.2998512387830399,0.9491876381429571,1.7428311749276488,0.5470263750000001,0.62036875,0.0028689583333333336,0.9773743749999999,0.02327346342150122,0.0220291530713439,0.009155575465410948,0.03848734274506569,0.9520817262654987,0.9560836390616276,0.9091241640946496,0.9775784181488747,8.403023450655065,7.891012268943973,0.5296204621618928,17.74070316699464,0.04515608213841915,0.03364302031695843,0.017867597937583923,0.10750097781419754,27.00030492468181,27.725272108954982,18.7174123794846,32.53971912929854,0.08514994580298663,0.07937928661704063,0.038506852649152275,0.13791748732328413,20.64003417353907,20.289208040736536,16.478223215293607,25.723297540102536,0.7958150434494019,0.8050282895565033,0.6982912659645081,0.8954693078994751,0.47400162994861605,0.47512978315353394,0.4112990394234657,0.5347390741109849,0.4117079266905785,0.4084770232439041,0.3523463308811188,0.519181853532791,0.18549496173858643,0.18294167518615723,0.12177934721112252,0.24254266023635862,0.15939550764858723,0.16092677414417267,0.10519052296876907,0.2255207896232605,0.0031061527777777776,0.00039375,0.0,0.01727673611111111,0.006797583333333333,4.8611111111111115e-05,0.0,0.03265138888888889,0.1053952743858099,0.09172869846224785,0.04327956233173609,0.22115760818123817,0.8783221137523651,0.9122552573680878,0.6963441967964172,0.9664473474025727,0.030701362062245607,0.026282044127583504,0.011400150461122393,0.08722621239721776,0.030752540230751038,0.026919646188616753,0.01775874421000481,0.06070221960544586,0.8260024685286728,0.8323384283270816,0.6477809575843076,0.9459810273284701,0.6366458618303769,0.6587750632290386,0.3860607165311558,0.8551495183708521,0.101859483322524,0.09787429273495574,0.05505969818364917,0.1503051647449339,0.06229932478397027,0.058127888667120965,0.023676954502803885,0.11992947974322403,35.52355175111,35.59835019625672,30.51558727219823,39.65263801892637,34.953067375895586,35.396634916237076,29.794646173045464,39.39334876900232,33.932679988005745,33.48384325290428,29.904171663480977,39.21802431635444,21.325686628869597,21.196123385965947,17.363283529090157,25.6737810932457,0.32853679486508147,1,9,9,9,9,16,106
LOLv2_1.0rh_0.3rl_0.001crh_0.001crl_0.1er_0.1smv1_20260713-042929,cr=0.001 er=0.1 sm=0.1v1,100,RetinexPixelTrans,24,paired,datasets/LOLv2,4,384,42,10000,paired_pixel,1.0,0.3,0.001,0.001,0.1,0.1,v1,9.718215424642969,9.825046727604462,6.128033403386111,12.716967267530812,0.40092798754572867,0.39164648950099945,0.2603562906384468,0.5223691284656525,7.743995976065281,7.8526634989682975,5.5878295989044515,10.60484886943379,0.5184413060545922,0.5039085149765015,0.350909435749054,0.6465593129396439,2.1636822001295077,2.02964338075748,1.4764791113847446,2.945712677358339,0.9721779583333333,0.9940604166666667,0.8479339583333333,1.0,0.024556056703440843,0.021634530276060104,0.010699266102164984,0.04411169923841953,0.8512025366057321,0.862878016093969,0.7525628362977168,0.9147622286392548,-1.974219448577687,-1.9595724972358974,-6.893974258054703,4.528138890956886,0.37770519077777864,0.37280112504959106,0.2619476214051247,0.4877518117427826,8.142156354012482,8.117120372576847,6.071362978728709,10.825623035168467,0.04909181421622634,0.044567884877324104,0.0325493149459362,0.08152662217617034,24.166590551892714,24.731198711406524,19.255548624718834,27.599359817422272,0.8498303145170212,0.8579221665859222,0.7428185462951661,0.9270643502473831,0.766855194568634,0.7702728807926178,0.7294809937477111,0.7991988450288773,0.7450171494483948,0.7474566102027893,0.7047263979911804,0.7806471645832062,0.09907849486917257,0.09255528077483177,0.05324683580547571,0.15930906683206558,0.11103568531572819,0.10231421142816544,0.06656811125576496,0.19690877199172974,0.00875623611111111,0.0012340277777777777,0.0,0.03476125,0.013616277777777776,0.003151388888888889,0.0,0.07282638888888888,0.06941778879612684,0.058171333745121956,0.024783867970108987,0.16132105588912962,0.4809105324745178,0.49248991906642914,0.35245031118392944,0.6439687818288803,0.04482751419767737,0.03805430233478546,0.012672901805490255,0.11593757569789886,0.15330335803329945,0.15302890539169312,0.08632046617567539,0.21354761719703674,0.9306265753694121,0.9387298683555771,0.8405501702798663,0.987423196382395,0.9508882387319848,0.9598088897076045,0.8842459987273257,0.9813189925424208,0.3033724041202382,0.29898575331032057,0.19877379182101096,0.4300378151470412,0.5745774384002946,0.5668790591846646,0.4112360049732399,0.750862573349986,36.46911232696125,36.6337457594507,33.05353828612988,39.71676833987682,30.18927394323322,30.832544084842088,24.88718709284064,34.20326434676357,36.221630310606685,36.50860204611435,32.594436082458074,39.43306348147443,26.965572920119257,27.273405336553676,23.67614496413337,29.64402269243996,1.1636822001295077,1,14,15,15,15,11,157
LOLv2_1.0rh_0.3rl_0.001crh_0.001crl_0.1er_0.1smv2_20260712-163016,cr=0.001 er=0.1 sm=0.1v2,100,RetinexPixelTrans,24,paired,datasets/LOLv2,4,384,42,10000,paired_pixel,1.0,0.3,0.001,0.001,0.1,0.1,v2,9.718215424642969,9.825046727604462,6.128033403386111,12.716967267530812,0.40029162406921387,0.39545130729675293,0.2599892720580101,0.5139378547668457,7.739769784357339,7.709308370073065,5.672548615245691,10.772706033780684,0.5046980583667755,0.5057598352432251,0.3192914128303528,0.6403080582618712,2.1609591515538016,2.032405135027474,1.458110630192541,2.9284379964511684,0.9711601249999999,0.9937645833333333,0.8482477083333334,1.0,0.024669786868616938,0.02121021319180727,0.010329553484916687,0.04592957235872745,0.8676519273496983,0.8865676283138042,0.7536374564520765,0.9263375848582636,-1.978445640285629,-1.9592093652457612,-6.979556813386975,4.503305542471426,0.3755531084537506,0.3784547597169876,0.26088862866163254,0.4813578128814697,8.175721753049352,8.018320117686509,6.194312304411356,10.902968314175807,0.0500328335352242,0.04440353065729141,0.029119052272289992,0.08853974118828774,24.1689174081119,24.777050308458257,18.665237234753143,28.175750889494108,0.8691206073760986,0.8777444958686829,0.7532884806394577,0.9385066866874695,0.7661881697177887,0.7707039415836334,0.7294332087039948,0.7952234268188476,0.742833343744278,0.743827760219574,0.7019829154014587,0.7881912261247636,0.0946359721198678,0.08799434453248978,0.048633396811783317,0.15828438475728035,0.10689236655831337,0.09797977656126022,0.05575683508068323,0.19832734763622284,0.006357875000000001,0.0012194444444444444,0.0,0.02633888888888888,0.013366013888888887,0.0032291666666666666,0.0,0.07442638888888889,0.06862471491098404,0.05743749625980854,0.02244347156956792,0.15953582897782326,0.48150105118751524,0.49187013506889343,0.3489178419113159,0.6444465667009353,0.04553706549108028,0.03758758865296841,0.013403241895139218,0.11707083024084568,0.15522438153624535,0.153575599193573,0.08878630101680755,0.21558219194412231,0.9305996097420254,0.9392873253831232,0.8312629733882445,0.9877976109211468,0.953597991101173,0.96184654734134,0.89294038725237,0.981086707707557,0.3067151236252419,0.29809013402555884,0.19474168333265934,0.43628824383990494,0.6195913806670243,0.6115910965512803,0.45051395719569676,0.8148001988757733,36.39731223212689,36.61904801079794,33.050455582509144,39.68222794674014,30.117022457383015,30.7935156370134,24.84533396706324,34.06765282597688,36.11756565249168,36.385430874675045,32.76483945867263,39.494936950699426,26.857934983264123,27.163250767957525,23.59204557100223,29.70563977506517,1.1609591515538016,1,15,14,14,14,10,154
LOLv2_1.0rh_0.3rl_0.001crh_0.001crl_0.1er_0.3smv1_20260713-061113,cr=0.001 er=0.1 sm=0.3v1,100,RetinexPixelTrans,24,paired,datasets/LOLv2,4,384,42,10000,paired_pixel,1.0,0.3,0.001,0.001,0.1,0.3,v1,9.718215424642969,9.825046727604462,6.128033403386111,12.716967267530812,0.3400898976624012,0.33737462759017944,0.19692330807447433,0.45328100621700285,9.238244307161656,9.126044849748588,6.7803657775753425,13.318091131649503,0.559862825870514,0.5600642263889313,0.40460637807846067,0.6847956925630567,1.9911267414177516,1.8874179356580325,1.3321112483102506,2.7016635250926146,0.9602270416666667,0.9923166666666667,0.7984708333333334,1.0,0.025705084763467313,0.024473520927131176,0.010525341564789414,0.04716880712658167,0.8625214295049959,0.8735077630436207,0.7811148335544761,0.9158390272923843,-0.4799711174813129,-0.6139939750915735,-5.86545060237888,6.690760255883756,0.30702449575066565,0.3067624121904373,0.20789186879992486,0.4059021770954132,9.91655010466759,9.855316373670624,7.748485724747027,12.775437394307291,0.06344882164150477,0.060496121644973755,0.0401687266305089,0.09109253957867622,22.235417504876313,22.32648576200703,18.509748179718482,25.928953058369377,0.7988675183057785,0.8017767369747162,0.6931677013635635,0.8889738053083419,0.7059522050619126,0.7083845734596252,0.6736858606338502,0.738432878255844,0.6745069748163224,0.6719018816947937,0.6380538940429688,0.726887285709381,0.12064595505595208,0.11800729110836983,0.08153017833828925,0.16406346261501312,0.128115828409791,0.11946748942136765,0.08206143975257874,0.19996504485607147,0.003190527777777778,0.0006847222222222222,0.0,0.012814652777777776,0.0065531527777777775,0.0017458333333333334,6.944444444444445e-06,0.02592777777777778,0.0735290438681841,0.06183668598532677,0.024349355697631834,0.17024908512830733,0.5253246879577637,0.5417752265930176,0.3868754506111145,0.6896837055683135,0.04289820738136768,0.03508007153868675,0.012581620272248984,0.11722523272037506,0.1455888330191374,0.1461268663406372,0.08457375019788742,0.20173367857933044,0.8929767885733431,0.9019940173698892,0.7669430779344727,0.9774591657920717,0.9173035061219408,0.9278772543008462,0.8582434987517533,0.9578024833125827,0.17876039770532068,0.1693897971712241,0.1144339022749966,0.26107701616895784,0.3207408608329993,0.31958375201274625,0.18768790441840774,0.45488157237023036,35.61532040958992,35.737255269995046,32.02307752889683,39.24432055647444,29.314838804371167,29.833324326002533,24.084860552641935,33.37208472619131,35.192066920637515,35.53315175853041,31.44381924103109,39.09553704082636,25.234571127000674,25.36306778428262,22.42630398881314,27.66847510498883,0.9911267414177516,1,12,12,13,12,15,137
LOLv2_1.0rh_0.3rl_0.001crh_0.001crl_0.1er_0.3smv2_20260712-213703,cr=0.001 er=0.1 sm=0.3v2,100,RetinexPixelTrans,24,paired,datasets/LOLv2,4,384,42,10000,paired_pixel,1.0,0.3,0.001,0.001,0.1,0.3,v2,9.718215424642969,9.825046727604462,6.128033403386111,12.716967267530812,0.34924538895487783,0.34332285821437836,0.20382658615708352,0.46754329502582553,9.029153901038935,8.985420361155628,6.562326660649691,12.537071084824397,0.5688474687933922,0.5573025941848755,0.40721287578344345,0.6961597055196761,2.0180853941613783,1.8895894683462235,1.3705669509290248,2.766769094482416,0.9590423333333333,0.9930395833333333,0.807733125,1.0,0.0249682116182521,0.022856594063341618,0.01089087063446641,0.043486390449106696,0.8755496174872145,0.8825995601919545,0.7882858217020319,0.9335797942691609,-0.6890615236040338,-0.7607862066472206,-5.9515364086541025,6.195851064348324,0.31697929695248606,0.31020529568195343,0.2108399584889412,0.41692230105400085,9.69172171156267,9.604837737467907,7.3100806944451495,12.553933849965622,0.059977728836238385,0.057605791836977005,0.03854509927332401,0.08258359394967554,22.733649673805708,22.796532304533663,19.449621001773394,25.846713003167935,0.8291848182678223,0.828012228012085,0.727475392818451,0.9149751037359237,0.7150644874572754,0.7161668837070465,0.6789382696151733,0.7443729609251022,0.6845013672113418,0.6852156519889832,0.6447583436965942,0.7208482593297957,0.11385507334023715,0.10751660168170929,0.07403193227946758,0.15892094150185582,0.12243728019297123,0.1146140843629837,0.08003048598766327,0.19407528638839722,0.004883638888888889,0.0012541666666666667,0.0,0.021068819444444442,0.010271305555555556,0.002315972222222222,8.333333333333334e-06,0.03791527777777778,0.07310886016115546,0.060317860916256905,0.02884527752175927,0.1697807252407074,0.5177367761731148,0.5312438607215881,0.3698376417160034,0.6894287079572677,0.04246448292396963,0.03426505997776985,0.012273046374320983,0.11770138703286648,0.14573154777288436,0.14497257769107819,0.08493962623178959,0.20206017792224884,0.8959358014807975,0.9042154167153608,0.7492681560397045,0.9785031584284115,0.9286559820086545,0.9404154207841346,0.8710547299272062,0.9624449676570991,0.174257735816591,0.16195456682970613,0.1090591011839016,0.26904144265936153,0.3564214016514211,0.3434452010900069,0.2253409205020461,0.4963519590159926,35.57351667806246,35.798608098578,32.05260173692437,39.2384856294505,29.099568747112297,29.643649792155955,23.94276240141487,33.18348863668656,35.116707635737505,35.34402351789483,31.496287670284264,39.12679715665794,25.420674097085197,25.495776571444203,22.687572628954737,27.96037730479279,1.0180853941613783,1,13,13,12,13,12,140
LOLv2_1.0rh_0.3rl_0.001crh_0.001crl_0.1er_0.5smv1_20260713-075255,cr=0.001 er=0.1 sm=0.5v1,100,RetinexPixelTrans,24,paired,datasets/LOLv2,4,384,42,10000,paired_pixel,1.0,0.3,0.001,0.001,0.1,0.5,v1,9.718215424642969,9.825046727604462,6.128033403386111,12.716967267530812,0.11398184653371572,0.10189018025994301,0.04685909226536751,0.1973611608147621,18.453362317692907,18.188159356990163,13.578684725116172,24.753512156015685,0.7301988381147385,0.7277141213417053,0.6119138032197953,0.8602073520421982,1.297440216630466,1.2691938740554756,0.9311312725254886,1.7016074286314127,0.5078980833333333,0.5372729166666668,0.002130625,0.958725625,0.024265024205669762,0.023052704520523548,0.009564056433737278,0.041508075781166553,0.952041180070462,0.9556592460429052,0.9126302985392821,0.9773961595645161,8.735146893049938,8.625201357325619,0.8934316566033608,17.588545593969823,0.031007451377809046,0.020100093446671963,0.01232836050912738,0.08538103103637695,29.810458323826516,31.378807298556552,20.975439026088864,34.421170058171256,0.09018419597297907,0.08278115838766098,0.04367299936711788,0.15167826563119888,20.137382306787295,20.143279972346114,15.604684137584139,25.301221596216944,0.775037282705307,0.7849729061126709,0.6612414300441741,0.8866614997386931,0.463363353908062,0.4635789692401886,0.40079992413520815,0.5262741833925247,0.3965917834639549,0.3937683701515198,0.33177629113197327,0.5124047368764877,0.18647131338715553,0.18495917320251465,0.12694976441562175,0.2434878408908844,0.15746641740202905,0.16108238697052002,0.10185001790523529,0.2183023989200592,0.0028282083333333336,0.00039444444444444444,0.0,0.017043819444444445,0.0068830416666666675,6.944444444444445e-06,0.0,0.033494444444444445,0.10732653075829149,0.09471605718135834,0.043804706633090974,0.22577132135629654,0.9155941158533096,0.9501217305660248,0.7654767632484436,0.9794732660055161,0.028896837988868357,0.02490244898945093,0.010564309498295187,0.08144627436995507,0.025027864975854755,0.02114634681493044,0.012646901793777941,0.04448771849274635,0.8272234481693566,0.8368645479735414,0.6530641197975021,0.945375440879269,0.47499178716541546,0.5161860957723916,0.19690084442689804,0.724350294537258,0.0979567756307091,0.0951936972854216,0.05392505091952863,0.1471233627028651,0.05533262777379557,0.047371872912913955,0.01905177179778316,0.11849666241332105,35.62063569445499,35.71332956366577,30.57491044194529,39.78066286233278,35.33117096738136,35.818948907131876,30.133372697548616,39.6678929725347,33.65601673204442,33.286565469419116,29.53019896449549,39.14993011740229,20.618384717360318,20.688517201522945,16.641573327334438,25.00874329546581,0.29744021663046594,1,4,6,6,6,19,71
LOLv2_1.0rh_0.3rl_0.001crh_0.001crl_0.1er_0.5smv2_20260720-085219,cr=0.001 er=0.1 sm=0.5v2,100,RetinexPixelTrans,24,paired,datasets/LOLv2,4,384,42,10000,paired_pixel,1.0,0.3,0.001,0.001,0.1,0.5,v2,9.718215424642969,9.825046727604462,6.128033403386111,12.716967267530812,0.31501418963074684,0.3076595366001129,0.17604700103402138,0.4274913728237152,9.88721403424862,9.844033688062302,7.17999677500974,14.113412074894098,0.5762754660844803,0.5700640678405762,0.41374714225530623,0.7010636687278746,1.9192822807269918,1.8157949605670902,1.2849081809899274,2.6482581760472432,0.937671625,0.98571875,0.6941347916666667,1.0,0.026863497868180274,0.024991614744067192,0.011328901257365942,0.04588753692805767,0.8586627639327956,0.8593249322523252,0.7522744532179725,0.9279179689678551,0.16899860960565058,0.20116648593707342,-5.388569822237408,7.977706767041494,0.2850180003046989,0.27400757372379303,0.18631842881441116,0.38283485174179077,10.629832353809723,10.87289954462827,7.7284649512692845,13.612389600743436,0.06011625938117504,0.057760413736104965,0.04004143439233303,0.08360632061958308,22.67964711981988,22.82789008318572,19.172909873583283,25.88934485415531,0.8186764603853226,0.8193734884262085,0.7052599787712097,0.9172165542840958,0.6800604152679444,0.6817295849323273,0.6482363939285278,0.7118963181972503,0.6527540308237075,0.6523835062980652,0.6153053641319275,0.6920684695243835,0.11736087273806334,0.11964898556470871,0.0799008373171091,0.15915194004774091,0.13102752648293972,0.13067355751991272,0.08390683680772781,0.1877797544002533,0.004511180555555556,0.0015125,0.0,0.021108263888888885,0.013989916666666666,0.002459722222222222,0.0,0.06595972222222223,0.07515405431389809,0.061035044491291046,0.023315580282360315,0.17753186151385308,0.5402702835202217,0.5562194287776947,0.38535305857658386,0.7090858548879624,0.04346613111905753,0.033689962700009346,0.013214143319055438,0.11790281236171722,0.13711911898106335,0.14349159598350525,0.07427445258945227,0.19310523569583893,0.8731943981565453,0.8864417908111337,0.6953922589377722,0.9717350427022184,0.917120956748969,0.9239900747147579,0.873398451356128,0.9560100035664716,0.14700588818030474,0.1348880153550458,0.08890270913775862,0.23020836192589517,0.27683697694795206,0.27412650869139266,0.16378532826009262,0.3974397024159287,35.09746426072384,35.206680773257204,31.57070902483364,38.82412522378776,28.377280286308242,29.081776932000544,23.506099643535098,32.35124617039498,34.57163251441838,34.83733736862425,30.43620542415482,38.440052515253555,25.110601637066512,25.280907306340424,21.913850118530377,28.887894086336043,0.9192822807269918,1,11,11,10,11,13,121
LOLv2_1.0rh_0.3rl_0.001crh_0.001crl_0.1er_0.5smv3_20260720-103249,cr=0.001 er=0.1 sm=0.5v3,100,RetinexPixelTrans,24,paired,datasets/LOLv2,4,384,42,10000,paired_pixel,1.0,0.3,0.001,0.001,0.1,0.5,v3,9.718215424642969,9.825046727604462,6.128033403386111,12.716967267530812,0.2983437284827232,0.29416340589523315,0.15253771021962165,0.40438039749860766,10.425589339108855,10.393418439805593,7.6173821867377685,14.945205042819863,0.5916218328475952,0.5885990262031555,0.43262689709663393,0.7174910157918928,1.873292696463876,1.7775890876243554,1.2595254736543422,2.572670397142241,0.93858975,0.9875895833333334,0.6848595833333334,1.0,0.02712659191340208,0.026309569366276264,0.011068724282085895,0.04768322445452213,0.8867777563181533,0.8911426913526407,0.7755831821334358,0.9433674499297768,0.7073739144658865,0.5835861069402304,-4.925490928112953,8.574533404512962,0.2622263441979885,0.24963363260030746,0.17447182312607765,0.3557880222797394,11.346723842911167,11.649160543199612,8.413514370777452,14.119623743639167,0.06446647476404906,0.06291328743100166,0.039050768874585626,0.09016706757247446,22.260201283007817,22.04423856173103,19.221778949337185,26.13691565280231,0.8154632788896561,0.8150510787963867,0.702299377322197,0.9134842753410339,0.6638354545831681,0.6636215150356293,0.6345956534147263,0.6973801374435424,0.6299332374334335,0.6273528933525085,0.5924092531204224,0.6773490667343138,0.12585566934198142,0.12535465508699417,0.09109108112752437,0.17205189391970632,0.13536091029644012,0.13535790145397186,0.08960933238267899,0.19138655066490173,0.0037439722222222223,0.0008180555555555556,0.0,0.013531736111111109,0.011196611111111112,0.0018111111111111112,0.0,0.04977361111111111,0.07727927163243294,0.06268966943025589,0.027707539405673744,0.180776184797287,0.5601926922798157,0.5771546065807343,0.40140628814697266,0.7270503073930741,0.041696852166205646,0.03252173401415348,0.01357386577874422,0.11368143446743487,0.1330612726137042,0.14007127285003662,0.07116533610969783,0.18864311277866364,0.870843932877288,0.8819665387141158,0.7046955219317588,0.9693213209919719,0.9100377533513683,0.917920760135708,0.8644567149971861,0.9512625351298442,0.1406529325920208,0.12956698035593678,0.08402993295948948,0.2204886381062094,0.2577637182905693,0.26244647843238667,0.14916783296910377,0.37031966591763293,35.050725084583966,35.357782386162555,31.57356184803687,38.86341380133108,28.58846701253985,29.22027438830959,23.61395920334123,33.0177706338056,34.59879560037644,34.94358952360794,30.881307131733546,38.70346127389013,24.736312558920382,24.93484868205978,21.788478001411242,27.865908313568656,0.8732926964638761,1,10,10,11,10,14,116
LOLv2_1.0rh_0.3rl_0.001crh_0.001crl_0.1er_0.6smv1_20260720-020824,cr=0.001 er=0.1 sm=0.6v1,100,RetinexPixelTrans,24,paired,datasets/LOLv2,4,384,42,10000,paired_pixel,1.0,0.3,0.001,0.001,0.1,0.6,v1,9.718215424642969,9.825046727604462,6.128033403386111,12.716967267530812,0.11217770498245955,0.10302498936653137,0.044631687365472315,0.1983780711889267,18.51455615565417,18.04282007666407,13.80743559276292,24.658452397600406,0.7253375023603439,0.7217439115047455,0.6018008470535278,0.8542109817266464,1.2869395908727757,1.2717436319846969,0.9304756395685078,1.6721095895275946,0.4949435,0.56188125,0.00237375,0.9564843749999999,0.024427768131718038,0.022643940523266792,0.009393338253721595,0.041081259958446026,0.9520975390813423,0.956117864591399,0.9074888901100583,0.9801130040801606,8.7963407310112,8.413879264892802,1.0855580859925062,18.120697524441045,0.027379494830965995,0.015476667322218418,0.00913185509853065,0.08909717202186584,30.733749985846615,32.149313952963794,20.61253218381562,35.23981698028614,0.09165612112730742,0.08851238340139389,0.044114512763917445,0.154039765894413,20.00756989059805,19.694774415565576,15.444862178231656,24.837504322491395,0.768380840420723,0.7764616012573242,0.6524953365325927,0.8794083654880523,0.4594459700584412,0.45650893449783325,0.39491194188594814,0.5239705264568328,0.3921188002824783,0.38825544714927673,0.3214520514011383,0.5108227163553237,0.18973390594124795,0.1869056448340416,0.12644201293587684,0.24914195761084554,0.15700946740806102,0.1612676978111267,0.10014135390520096,0.2184520810842514,0.0039678472222222224,0.00040833333333333336,0.0,0.022832430555555554,0.006957611111111111,1.3194444444444446e-05,0.0,0.03377361111111111,0.11012945426627993,0.09706749022006989,0.0426896259188652,0.2315800912678242,0.9293559944629669,0.9647000133991241,0.7599748969078064,0.9843791872262955,0.02709096999373287,0.02341452892869711,0.010292824171483516,0.07662233598530292,0.020207034535706044,0.016131232492625713,0.010048084286972882,0.042701780796051025,0.8218548749848287,0.8355031563754703,0.6497842354364491,0.943809536265663,0.36342431621516225,0.3732030434855111,0.11540563159043424,0.7489749071826626,0.09449320674955972,0.09448207415749861,0.05005460492445248,0.1414966259070354,0.04629782926627924,0.039349859299127786,0.014383653103475988,0.11170730861167058,35.5701399261522,35.71505388210214,30.394884171269375,39.697208597046036,35.17788152558795,35.66275459748792,30.249456017661256,39.12862345796805,33.582204067853425,33.241186636648806,29.598345375641063,38.78337787987612,20.34977323808908,20.18184822517945,15.996612079105114,25.202745259717375,0.28693959087277565,1,1,4,4,2,20,44
LOLv2_1.0rh_0.3rl_0.001crh_0.001crl_0.1er_0.7smv1_20260720-035020,cr=0.001 er=0.1 sm=0.7v1,100,RetinexPixelTrans,24,paired,datasets/LOLv2,4,384,42,10000,paired_pixel,1.0,0.3,0.001,0.001,0.1,0.7,v1,9.718215424642969,9.825046727604462,6.128033403386111,12.716967267530812,0.11186277754604816,0.10348403453826904,0.04530367758125067,0.19332964941859246,18.4999175843892,18.26244297232553,13.78006302180967,25.11295545711648,0.7192103034257888,0.7186427116394043,0.5912938505411148,0.8504618495702744,1.287429944859831,1.256453034186025,0.9268625761384033,1.707471793343013,0.4918862083333333,0.4996229166666667,0.0043675,0.9281560416666665,0.02437633426859975,0.022791143506765366,0.009680350543931127,0.04047707058489323,0.9509596197060187,0.954440913732396,0.9055711325025007,0.9793013976669688,8.78170215974623,8.330804487718353,1.0181917048026314,18.026498282950943,0.021044760728254914,0.014236248098313808,0.008391712978482246,0.05384860932826996,31.634130347263746,32.950621179930465,24.719725576423507,35.52848859487955,0.09643904823809862,0.0961778275668621,0.04383453018963337,0.15989890098571777,19.60650324068926,19.027182814697273,15.296308243158808,25.14339385134091,0.7594805002212525,0.7520174980163574,0.6411793708801269,0.8777669787406921,0.4595237696170807,0.46377333998680115,0.3977717489004135,0.5222358584403992,0.3852040395140648,0.3843316584825516,0.31370308995246887,0.5086612880229949,0.19101596303284168,0.18903642147779465,0.12742368504405022,0.2500439055263996,0.1561760637164116,0.16091381013393402,0.1016513854265213,0.21453386545181274,0.004850305555555556,0.00043680555555555557,0.0,0.029199097222222224,0.006989347222222222,4.861111111111111e-06,0.0,0.035165277777777774,0.10787267301231623,0.09200442582368851,0.04496981892734766,0.22332146689295768,0.9482220703363419,0.9736069142818451,0.8417513966560364,0.9876794278621674,0.02632894570939243,0.022743397392332554,0.010496356803923846,0.07242907509207724,0.016545062912628056,0.013261484913527966,0.008684520469978451,0.02660370245575905,0.8103357766054466,0.8226805344530286,0.6333871019994184,0.9427349767540725,0.2615572274578254,0.25491034485835096,0.05932031895656266,0.5405704988199331,0.09317737108044354,0.09312706886640171,0.051291344684463766,0.13794135333499744,0.04033440989027471,0.03375368180608429,0.01232093874003639,0.09982153139224412,35.363042536483796,35.59747526278395,30.086957451885297,39.4129511248021,35.13904719934854,35.66775296234387,30.318473389304252,38.87706526198482,33.20041073331676,33.03988015556441,29.412619256066833,38.73256303960046,19.791617050614697,19.37071093984624,15.791776991053695,24.67896342271409,0.287429944859831,1,2,2,3,3,22,46
LOLv2_1.0rh_0.3rl_0.001crh_0.001crl_0.1er_0.8smv1_20260720-053058,cr=0.001 er=0.1 sm=0.8v1,100,RetinexPixelTrans,24,paired,datasets/LOLv2,4,384,42,10000,paired_pixel,1.0,0.3,0.001,0.001,0.1,0.8,v1,9.718215424642969,9.825046727604462,6.128033403386111,12.716967267530812,0.11216718122363091,0.10750454664230347,0.04514711238443851,0.18859030455350873,18.49584758479922,18.406669407400997,13.795972423591374,25.12679720797616,0.7155284905433654,0.7115364670753479,0.5811639040708542,0.8472990334033965,1.2897577043409487,1.2679620340167594,0.9332951010971772,1.7128524018023803,0.495107625,0.5291395833333333,0.004879166666666667,0.8971402083333333,0.02433384958654642,0.022673649713397026,0.010182598046958447,0.04160189460963011,0.9503306306300217,0.9537725959102534,0.9008967853718097,0.9785651680084733,8.77763216015625,8.739806381459886,0.915922570672488,18.0030086975754,0.02016811341047287,0.01394578441977501,0.008567918371409178,0.04809553921222687,31.602632785645856,32.692044561548514,25.525622688696508,35.25502487933352,0.09747517075389624,0.10014763474464417,0.043486411310732366,0.16082906872034072,19.58834510564011,18.84313441913875,15.17168840816561,25.15482718781942,0.75491750061512,0.7459012269973755,0.6194203048944473,0.8718487441539765,0.4600683617591858,0.46421512961387634,0.3940368890762329,0.5132670730352401,0.3843225657939911,0.3846607506275177,0.3012860119342804,0.5089503586292266,0.19026337780058383,0.18978750705718994,0.12687101289629937,0.24768008515238762,0.1564298064261675,0.16054710000753403,0.10161260515451431,0.2146156132221222,0.004586847222222222,0.0004173611111111111,0.0,0.023702638888888888,0.007255500000000001,1.4583333333333333e-05,0.0,0.037095833333333335,0.10928512021899223,0.09332042932510376,0.038403017446398735,0.22310267463326455,0.9513810122013092,0.9738675951957703,0.8560003638267517,0.9876361668109893,0.02694899549242109,0.023747755214571953,0.009862637659534811,0.07746724262833596,0.014232579590752721,0.01149274269118905,0.00780977918766439,0.022791797295212746,0.8063721607419906,0.8227404399679135,0.6321164487731173,0.9440599558940155,0.18463915679246512,0.14950168966859176,0.041005633246519554,0.45807120417237435,0.09373278214058155,0.09331935428144236,0.04957685028454839,0.13849111147256193,0.03582128923467848,0.03013906934164322,0.012777542071506626,0.08724878944185141,35.35364833202254,35.395165381165356,30.278151906064974,39.2711530474943,34.91017685158165,35.324503515876,30.268801883191415,38.47983969137937,33.26407423263544,33.130180685434375,29.515209804503723,38.586805158822294,19.74450112389404,19.073433197938023,15.570204169142906,24.686851196296764,0.2897577043409487,1,3,3,5,4,23,59
LOLv2_1.0rh_0.3rl_0.001crh_0.001crl_0.1er_1.0smv1_20260720-071136,cr=0.001 er=0.1 sm=1.0v1,100,RetinexPixelTrans,24,paired,datasets/LOLv2,4,384,42,10000,paired_pixel,1.0,0.3,0.001,0.001,0.1,1.0,v1,9.718215424642969,9.825046727604462,6.128033403386111,12.716967267530812,0.1124551985040307,0.10756558179855347,0.04794061034917831,0.19390287771821021,18.441950310663128,17.98174128834203,13.52866797466683,24.31816194678614,0.710062695145607,0.7071898281574249,0.5847135990858078,0.8415929764509201,1.2929538743891422,1.2696791154055984,0.9343755521992956,1.7332448223210957,0.4888644166666667,0.52561875,0.005547916666666667,0.9236102083333332,0.024629013533703982,0.022896544076502323,0.0100742029491812,0.04140637032687664,0.9482471942540802,0.9530656253323021,0.9013683857965447,0.9748290073660207,8.723734886020157,8.720588412343147,0.880476073131417,17.216303961610762,0.017047051135450603,0.013549906201660633,0.008293246012181043,0.035317953675985336,31.86845877655134,32.68609706755033,27.717943092607015,34.852526190599015,0.10110006004571914,0.10044785588979721,0.04449666291475296,0.17203716412186623,19.321205336243573,18.685546759037706,14.600726708621881,24.755432898300192,0.7464872980117798,0.7397803068161011,0.6241792738437653,0.8643005728721619,0.4616242054104805,0.46551454067230225,0.39288260638713834,0.523020762205124,0.38044009208679197,0.38390764594078064,0.29577627778053284,0.5094089180231094,0.19109936371445657,0.19085519015789032,0.1291238870471716,0.24943164139986038,0.1559063148498535,0.16030876338481903,0.10008886456489563,0.2134896069765091,0.004315444444444445,0.0005986111111111111,0.0,0.023055902777777776,0.007317236111111112,9.722222222222223e-06,0.0,0.03843194444444444,0.10806720603257418,0.09482422843575478,0.038180581852793695,0.22501011341810226,0.9602602916955948,0.9794552624225616,0.8801973462104797,0.9876983761787415,0.02559803520794958,0.02230640035122633,0.00904516209848225,0.07704224549233914,0.011620867438614369,0.009405461605638266,0.007125977426767349,0.01664484478533268,0.7957391750484725,0.819737977784426,0.5998750859383608,0.9436586625074888,0.12237963715367638,0.1022973298898401,-0.005050730060059797,0.29675506109392163,0.0902050666337767,0.08957382110429653,0.047234134473483395,0.12681980570285245,0.0302610549526807,0.0243467723121869,0.011112882754358146,0.07576972821144734,35.1367634573909,35.250038838191486,30.285552284727206,38.991913134874714,34.330394495387694,34.66311951682674,30.086759601533835,37.661284439583454,32.91598589985135,32.62687430852691,29.025925806382816,38.36284579061043,19.45205180685394,19.419417893568387,15.114911329426118,24.414876532029425,0.2929538743891422,1,5,1,1,5,24,58
LOLv2_1.0rh_0.3rl_0.001crh_0.001crl_0.2er_0.1smv2_20260717-052115,cr=0.001 er=0.2 sm=0.1v2,100,RetinexPixelTrans,24,paired,datasets/LOLv2,4,384,42,10000,paired_pixel,1.0,0.3,0.001,0.001,0.2,0.1,v2,9.718215424642969,9.825046727604462,6.128033403386111,12.716967267530812,0.4446810241043568,0.4381246119737625,0.29682292491197587,0.5583486914634705,6.822561135249798,6.826338554658739,4.948122407334587,9.485850261626302,0.461927482932806,0.4686093330383301,0.2556474469602108,0.6186907202005386,2.2887907358724684,2.140835170211143,1.5472315309303637,3.0995376844591567,0.97645175,0.9943104166666668,0.8733220833333333,1.0,0.025487772789783775,0.022618486545979977,0.009123560832813384,0.044337377138435836,0.8094401652091107,0.8297641500077824,0.6685777749556424,0.9048852303749235,-2.8956542893931703,-2.853108862463139,-7.700069494200827,3.3366681428441813,0.4204965478181839,0.4183807671070099,0.3016650706529617,0.5374385714530945,7.214757072351471,7.178765906100509,5.240282042424731,9.73589704337504,0.046620522290468216,0.03795049339532852,0.0246957216411829,0.08410351760685444,24.81105139405034,26.072592599748997,18.44193388129377,29.485368901173988,0.9129330956935883,0.9237692356109619,0.8230517327785493,0.9663393706083299,0.8112828749418258,0.8172180652618408,0.7690954506397247,0.8332300364971161,0.7878367358446121,0.7919673323631287,0.7487946152687073,0.8187728554010392,0.09210524071007967,0.08343541622161865,0.04318584334105253,0.1502356640994548,0.10553633905947209,0.09695828706026077,0.04990144912153483,0.20378899574279785,0.023778888888888888,0.009267361111111112,0.0005447916666666667,0.10395013888888889,0.03181420833333333,0.010030555555555555,0.00020555555555555556,0.12570694444444444,0.06589431840926409,0.05566136725246906,0.022816156037151814,0.14923436269164084,0.4559077852964401,0.4669317603111267,0.326449990272522,0.613667619228363,0.04404199002310634,0.038115350529551506,0.012506994558498262,0.10964114107191562,0.15278113640844823,0.15255895256996155,0.08473780006170273,0.21410682797431946,0.9289942305463411,0.9385988373024963,0.8224122505833176,0.9868708770606358,0.9515737187283148,0.9627145125443941,0.8606348462219702,0.983514978497805,0.30507343279163274,0.3003973439967207,0.19560529943237895,0.4407784936490683,0.631352977072869,0.6222496167083644,0.4441015270455492,0.8356732317580458,36.22589258653086,36.44860730955527,32.67949571554881,39.39766856813877,29.406214758682268,30.008315574680875,24.352634619447787,33.293215510658165,36.19701348758813,36.435496785046226,32.63471882471482,39.32152502375421,26.999328915232304,27.11001233073132,23.73373648922819,30.559358914779338,1.2887907358724684,1,19,18,19,19,8,196
LOLv2_1.0rh_0.3rl_0.003crh_0.003crl_0.1er_0.5smv1_20260720-153620,cr=0.003 er=0.1 sm=0.5v1,100,RetinexPixelTrans,24,paired,datasets/LOLv2,4,384,42,10000,paired_pixel,1.0,0.3,0.003,0.003,0.1,0.5,v1,9.718215424642969,9.825046727604462,6.128033403386111,12.716967267530812,0.1184392537176609,0.11022451147437096,0.04609174355864525,0.20241772532463073,18.15656565795371,17.716456204942098,13.433221580720199,24.915064890831324,0.7268853932619095,0.7267264425754547,0.590818339586258,0.851611641049385,1.3170756777549046,1.2980868554382563,0.9350527256612458,1.7352340641308484,0.5353797916666667,0.5706791666666666,0.002269791666666667,0.9603147916666666,0.024151739138178526,0.02261286787688732,0.010352563438937068,0.04050968289375305,0.9515973917992337,0.9550897634538686,0.9085408918367649,0.9777985213432758,8.438350233310743,8.17865436424755,0.7107883633900672,17.75009832878546,0.037416069218888875,0.024947751313447952,0.01368154617957771,0.11387553066015244,28.69840089089665,30.433396307033014,18.51319126753844,33.842739871795814,0.0889895274117589,0.08116592094302177,0.044427969306707386,0.14982978180050846,20.206458017007,20.198977981233426,15.637369207620113,25.1943803056063,0.7757594698667526,0.7882165610790253,0.6592515707015991,0.8842955231666565,0.46996019840240477,0.47311776876449585,0.40735797584056854,0.5296320259571076,0.4034634202718735,0.3989148437976837,0.34095558524131775,0.5149515241384506,0.18715509936213492,0.18524840474128723,0.12603207714855671,0.24429385513067245,0.1586587066948414,0.1610197275876999,0.10509946942329407,0.22239437699317932,0.002990583333333333,0.00039444444444444444,0.0,0.017186805555555556,0.0065755,1.1805555555555555e-05,0.0,0.03277638888888889,0.10496922705322503,0.09194628521800041,0.037570770271122454,0.21911295428872107,0.8988604664802551,0.9394296109676361,0.7020409107208252,0.97490473985672,0.028566521853208543,0.02484969049692154,0.010864504566416145,0.08287474401295185,0.026977243674919008,0.023814504966139793,0.013800423685461282,0.05100521072745323,0.8304541667368828,0.8430217114227172,0.6609272477069245,0.9476722509220494,0.5243703600046915,0.5675863500924904,0.2338885817794609,0.7632844152140359,0.09656938215597977,0.09250159526361494,0.05361783130923806,0.14118426876660056,0.058400930397312575,0.050684803997362186,0.021279516434695393,0.12015021972859562,35.559463868476385,35.77119730490661,30.509653864031534,39.61459634162676,35.284316955908075,35.83938280208017,30.14967363020167,39.6633326215739,33.65554309601687,33.45226876457409,29.58256032926445,38.955673316410376,20.85581962019843,20.804943673243294,16.62342045201902,25.024311135923288,0.31707567775490464,1,8,7,8,8,18,96
LOLv2_1.0rh_0.3rl_0.005crh_0.005crl_0.1er_0.5smv1_20260720-171701,cr=0.005 er=0.1 sm=0.5v1,100,RetinexPixelTrans,24,paired,datasets/LOLv2,4,384,42,10000,paired_pixel,1.0,0.3,0.005,0.005,0.1,0.5,v1,9.718215424642969,9.825046727604462,6.128033403386111,12.716967267530812,0.11567148622125387,0.10814126208424568,0.04640675783157349,0.19589926078915593,18.329766905962355,18.061450856833474,13.554205536044398,24.844781651511347,0.7297365707159043,0.7280506491661072,0.6085300922393799,0.8574752449989319,1.3015712025937816,1.2771893288957619,0.9323894395489148,1.7036559535311162,0.5175745833333333,0.5866458333333333,0.0019110416666666668,0.9647697916666667,0.024148008925840257,0.022496921010315418,0.009526262991130354,0.04094346612691879,0.9517988325922306,0.9553032935506709,0.9093310640914107,0.9786354906240765,8.611551481319385,8.3684032763768,0.8843041731562483,17.67981508946548,0.042087571248412135,0.029281553812325,0.014894240908324719,0.1179656982421875,27.726564388031438,28.91296858235991,18.173266542698826,33.13073468087852,0.08471733573824167,0.07716347277164459,0.0433414863422513,0.1453561499714851,20.59375307307389,20.6338407763322,16.12431477764375,25.36539713183886,0.7785055142641067,0.791031539440155,0.6661213368177413,0.8936651021242141,0.4649042797088623,0.4659377485513687,0.3913782894611359,0.5283078372478486,0.4085212343931198,0.40510405600070953,0.34593668580055237,0.5172602027654647,0.18852790959179402,0.18322066962718964,0.1237960983067751,0.24664040505886078,0.15935540527105332,0.16022711992263794,0.10396429896354675,0.2267782986164093,0.002886416666666667,0.0003888888888888889,0.0,0.01670451388888889,0.006894305555555555,2.7083333333333332e-05,0.0,0.03355277777777778,0.10754057213664055,0.09500160068273544,0.04220772664994001,0.22822050750255585,0.8873262542486191,0.9259357452392578,0.6949076652526855,0.9713135361671448,0.02842996871098876,0.024872153997421265,0.010776997124776245,0.08071927465498446,0.029768366143107416,0.0248138178139925,0.016046160738915204,0.06228543817996979,0.8272414810553019,0.8394267513750137,0.6563334009203248,0.9460188191702117,0.5759033718579445,0.6287772678043507,0.28665133505550316,0.8121709552945907,0.09630581041406401,0.09198299632621527,0.05158047957402654,0.14462063176697523,0.062342210455168336,0.05640844480035216,0.023243274388338103,0.12246106411823018,35.61540880597289,35.74820167823481,30.540903370290906,39.76826381533036,35.18219079807431,35.72425936797248,30.102944688492,38.64595592406297,33.87778664581338,33.538503768649164,30.12210074414671,39.182521512707815,21.261934186908547,21.179898816913543,16.780847308483605,26.134392305303386,0.30157120259378156,1,7,8,7,7,17,89
LOLv2_1.0rh_0.3rl_0.01crh_0.01crl_0.1er_0.1smv2_20260717-015927,cr=0.01 er=0.1 sm=0.1v2,100,RetinexPixelTrans,24,paired,datasets/LOLv2,4,384,42,10000,paired_pixel,1.0,0.3,0.01,0.01,0.1,0.1,v2,9.718215424642969,9.825046727604462,6.128033403386111,12.716967267530812,0.4173859603703022,0.4114339202642441,0.27619112879037855,0.527316489815712,7.35838801986821,7.322365733885658,5.442680759117489,10.210206793872429,0.4866808313131332,0.4906892329454422,0.2992263272404671,0.6248910307884216,2.2094117150929016,2.076296536705295,1.4931551734109916,2.9939351244024768,0.9731532083333333,0.9937499999999999,0.8508354166666667,1.0,0.024941381826065482,0.020952941849827766,0.010551245650276542,0.04595281146466732,0.8455865837795821,0.8601528520054071,0.718109966822543,0.914530058509741,-2.3598274047747587,-2.3158237936969717,-7.211164105536662,4.069299247971496,0.39650536835193634,0.3970521092414856,0.28103971630334856,0.5067459940910339,7.698299935480846,7.540653524512264,5.846836650104466,10.327851616578448,0.04793234646320343,0.04024830646812916,0.024535429198294878,0.0914790153503418,24.536605148637914,25.171889435039034,18.249262302672577,29.075672350613583,0.8788982343673706,0.8892195820808411,0.7627270847558976,0.9467178881168365,0.783392629623413,0.7874066531658173,0.7476032823324203,0.8118747681379319,0.7637810665369034,0.7640827894210815,0.7154349684715271,0.8050886988639832,0.09258773662149906,0.08581674098968506,0.045465137809515,0.15497737750411034,0.1055275971442461,0.09774833917617798,0.05072846878319979,0.20328469574451447,0.00954488888888889,0.0020236111111111114,0.0,0.03841458333333331,0.017679305555555556,0.004355555555555555,0.0,0.08000555555555555,0.06903281841427088,0.05928592011332512,0.023621150571852923,0.15570439547300338,0.4696488818526268,0.4772462695837021,0.34036239981651306,0.6301089793443679,0.04543226451613009,0.037706758826971054,0.013547968678176403,0.1157904889434576,0.15521916404366493,0.15608634054660797,0.08817248977720737,0.2173909842967987,0.9315124419176949,0.9405335381058061,0.8333348389038406,0.9882758274482569,0.9552031728250114,0.9647595232754874,0.8972584429606718,0.9838708897342938,0.3118543210840727,0.30116889822468296,0.19763262789990468,0.4380142760124913,0.6300411978357459,0.6167616252776515,0.44937363754943616,0.8286729161795536,36.45150276230638,36.611895956187205,33.175515721847205,39.79070591042278,30.113001566942856,30.751452056971715,24.811239080105658,34.18656370576752,36.336385472735316,36.675602280351974,32.77559381887101,39.50418258742269,27.061293994264407,27.197863723890894,23.70143993360231,30.07004141922658,1.2094117150929016,1,16,16,16,16,9,169
LOLv2_1.0rh_0.3rl_0.01crh_0.01crl_0.2er_0.1smv2_20260717-070107,cr=0.01 er=0.2 sm=0.1v2,100,RetinexPixelTrans,24,paired,datasets/LOLv2,4,384,42,10000,paired_pixel,1.0,0.3,0.01,0.01,0.2,0.1,v2,9.718215424642969,9.825046727604462,6.128033403386111,12.716967267530812,0.45597810178995135,0.4508286714553833,0.3089582607150078,0.5707435220479965,6.583531594342173,6.527651701299137,4.750885878385124,9.157835321302855,0.45353109762072563,0.4578496217727661,0.24986000135540962,0.6105102986097336,2.320114520128337,2.1769454478981114,1.5693610885354818,3.112848736042701,0.9767760416666667,0.9947041666666667,0.8792120833333333,1.0,0.025128655494190754,0.022695829160511494,0.009236611612141133,0.043984665721654895,0.7637297737187176,0.7946557560705664,0.5793824909365825,0.879423325449833,-3.134683830300797,-3.0940582148970863,-7.897306023150289,2.9830596779882166,0.4366613858938217,0.4352806806564331,0.3167944982647896,0.5563226342201233,6.872641700121396,6.766998006441822,4.941592638722348,9.370567912428717,0.0439743500482291,0.033827394247055054,0.021919425204396246,0.08658672682940959,25.33665747196723,26.30713997025104,19.09852181683111,30.908391489365997,0.9141200739145279,0.9208112359046936,0.8177227705717086,0.9691060304641723,0.8225951063632965,0.8295197188854218,0.7788968980312347,0.8486623436212539,0.8040539741516113,0.8110095262527466,0.751369297504425,0.834893548488617,0.091185661572963,0.08245227858424187,0.04281829074025154,0.17192206829786297,0.10704350277781487,0.09833569824695587,0.04644906800240278,0.2104984074831009,0.03514030555555556,0.017849999999999998,0.0009303472222222223,0.11008118055555556,0.05307341666666667,0.020793055555555554,0.0009277777777777778,0.1637486111111111,0.06548830640502273,0.055216455832123756,0.023638493102043866,0.1477306231856346,0.4474377799034119,0.45761246979236603,0.3218132257461548,0.603395539522171,0.0441464420594275,0.03862128220498562,0.012430344009771943,0.10997644215822219,0.15310328736901282,0.15345412492752075,0.08383197821676731,0.2165978103876114,0.927935464147172,0.9384777921927574,0.8218140534259705,0.9874026294242384,0.9507955220658529,0.963048336066328,0.8697853915702322,0.9827119400722212,0.30510210850062025,0.2987256525172505,0.2005186145691406,0.43857297915797233,0.6229053129202972,0.6125467035007484,0.43657471632414796,0.8276980742478988,36.28472838924123,36.48143877562696,32.764806028875014,39.43814747640845,29.55219530788967,30.05529661343756,24.405047592047993,33.193619447722725,36.285593497553144,36.54838520565261,32.742235656342736,39.28568657605116,27.272857702301163,27.552686333817952,23.83132692814,30.820080035984837,1.320114520128337,1,20,20,20,20,5,205
LOLv2_1.0rh_0.3rl_0.01crh_0.01crl_0.2er_0.1smv3_20260717-084100,cr=0.01 er=0.2 sm=0.1v3,100,RetinexPixelTrans,24,paired,datasets/LOLv2,4,384,42,10000,paired_pixel,1.0,0.3,0.01,0.01,0.2,0.1,v3,9.718215424642969,9.825046727604462,6.128033403386111,12.716967267530812,0.4582654502987862,0.4513620436191559,0.30814772844314575,0.5731135696172714,6.540426651166654,6.497172783617213,4.7138131122248135,9.185453082731861,0.45422870814800265,0.45804424583911896,0.25190235003829003,0.6076900094747544,2.326732264581635,2.182792042425128,1.5659621960185803,3.1240652244752316,0.9768626666666667,0.99481875,0.8750427083333333,1.0,0.024999617645516992,0.021992956288158894,0.009566017054021358,0.044262925162911415,0.7671545841441458,0.8027606601006587,0.5866095049265401,0.8863594031434018,-3.1777887734763146,-3.1525554429419618,-7.9343787893106,2.9043849535373485,0.43872620731592177,0.436967134475708,0.31856036782264713,0.5608428120613098,6.84021763738401,6.71631833981601,4.872644891269217,9.316975828899412,0.04331688456237316,0.03322124108672142,0.022541735880076887,0.08381423167884348,25.448403127186758,26.607490976616123,19.018260560455158,30.532043982582998,0.9140978389978409,0.9223777055740356,0.8191625356674195,0.968737718462944,0.8248845541477203,0.832187682390213,0.7843291282653808,0.8507129490375518,0.8061289441585541,0.8114267587661743,0.7555499076843262,0.8385546267032623,0.09086160009726882,0.08533543720841408,0.04221247266978025,0.16200157403945914,0.10531204663217068,0.0964081808924675,0.046463944017887115,0.20768968760967255,0.03647994444444445,0.014590277777777778,0.0008838888888888888,0.12597618055555548,0.05143251388888889,0.020627777777777776,0.00095,0.1651638888888889,0.06533375778235495,0.054949283599853516,0.024846607632935048,0.14736368209123613,0.44747825801372526,0.45699256658554077,0.3210294246673584,0.6027645558118819,0.04403804066590965,0.03862795606255531,0.01261347271502018,0.10966443233191966,0.1525815124809742,0.15308979898691177,0.08378125913441181,0.21695205569267273,0.9281911052113518,0.9382870435873287,0.8283711975855115,0.9875546516489774,0.9513205380304257,0.9638795196820222,0.870429414186685,0.9830944019194621,0.3015673296243373,0.2937701488599717,0.1981298525814239,0.43321464213936833,0.6167239907202738,0.6039810131393681,0.42824257392065146,0.8240011123080486,36.273321997519936,36.48162554891874,32.68264766907505,39.48976107859804,29.63691685180947,30.201345349058435,24.432493119450484,33.632443518920866,36.265529687412545,36.59015320033603,32.70425018822053,39.350776618246265,27.29109105491185,27.50403429419536,23.820408487175136,30.67948552542712,1.326732264581635,1,21,21,21,21,4,214
LOLv2_1.0rh_0.3rl_0.05crh_0.05crl_0.1er_0.1smv2_20260717-034129,cr=0.05 er=0.1 sm=0.1v2,100,RetinexPixelTrans,24,paired,datasets/LOLv2,4,384,42,10000,paired_pixel,1.0,0.3,0.05,0.05,0.1,0.1,v2,9.718215424642969,9.825046727604462,6.128033403386111,12.716967267530812,0.43689343199133873,0.4345998466014862,0.2982481151819229,0.5517288535833359,6.938264771844748,6.8404242683325585,5.041323533962257,9.571785508599941,0.4669577072560787,0.47108255326747894,0.272150781750679,0.6122381687164307,2.264222276565195,2.135840228623463,1.5323369586559448,3.0329270103669024,0.9746435,0.9937479166666667,0.8565812500000001,1.0,0.02495440652128309,0.022027524188160896,0.010742931067943573,0.04550119340419769,0.7999374135824592,0.8227813961877621,0.6331034205662017,0.8949249339003515,-2.7799506527982207,-2.868709690174164,-7.606868367573156,3.404866359114372,0.42224041253328326,0.4199281483888626,0.30308675915002825,0.5378556251525879,7.157842787043657,7.008595580329787,5.155620432090435,9.693327128143597,0.044461384564638134,0.034851279109716415,0.02254833923652768,0.09001424834132193,25.087185611043147,25.80514148238844,18.529660548918997,30.603917715833155,0.8961048299074172,0.9053137600421906,0.7866047739982605,0.9584250122308731,0.8030855762958526,0.8099865019321442,0.7699067890644073,0.8296457588672638,0.789535756111145,0.7950664758682251,0.7326905131340027,0.8216241806745529,0.09198505688458682,0.0864407829940319,0.04762886520475149,0.16985518783330916,0.10609879899770021,0.09678518027067184,0.048257102072238926,0.20976918935775757,0.018966291666666666,0.005514583333333333,8.3125e-05,0.08432736111111111,0.03201559722222222,0.011336111111111111,0.0003916666666666667,0.11018611111111111,0.06721955947577954,0.05756794847548008,0.02341236835345626,0.15366549491882325,0.45504620343446733,0.4633001238107681,0.32851776480674744,0.6121876418590545,0.045418617334216836,0.03811969794332981,0.014259026758372782,0.11383511386811733,0.15467576012015344,0.15741286426782608,0.08604114316403866,0.2174306958913803,0.9318861021020814,0.940927157197861,0.8369395288996011,0.9886068042666568,0.9564157494581721,0.9655898312357856,0.9089098980823767,0.9847232351170947,0.3156965787265773,0.30854054104302847,0.20358517045279872,0.45286313921617766,0.6437117820447805,0.6337846665266271,0.4580543735980826,0.837408245199614,36.51518270229469,36.75256861441898,33.1615034263284,39.840531635950484,30.06932696540444,30.730077779908097,24.786367888655437,34.02131289786943,36.443351905469115,36.655175937163875,32.844112299844134,39.490343340814626,27.45416951488403,27.658802064499675,23.853434183161983,30.867795847553932,1.264222276565195,1,17,19,17,17,6,180
LOLv2_1.0rh_0.3rl_0.05crh_0.05crl_0.2er_0.1smv3_20260717-123101,cr=0.05 er=0.2 sm=0.1v3,100,RetinexPixelTrans,24,paired,datasets/LOLv2,4,384,42,10000,paired_pixel,1.0,0.3,0.05,0.05,0.2,0.1,v3,9.718215424642969,9.825046727604462,6.128033403386111,12.716967267530812,0.4660359001159668,0.4618128538131714,0.3176019936800003,0.5880657017230988,6.385783432319979,6.326136569072261,4.489098111253533,8.998449116913186,0.4459769393503666,0.4506349116563797,0.23867429792881012,0.601603576540947,2.3479488695733237,2.207237885996456,1.5818758350375026,3.152658449732146,0.9774790416666668,0.99486875,0.88423625,1.0,0.02472749015316367,0.021755876950919628,0.009178065788000822,0.045968023315072055,0.7480932574043935,0.7853826996459781,0.5590979426316086,0.8695877101381683,-3.3324319923229893,-3.3174807056784403,-8.159093790281881,2.6880781089518018,0.44838109880685806,0.446759968996048,0.326346954703331,0.570988118648529,6.651195651598033,6.49698495072942,4.718944873746256,9.105816347221541,0.04101369331590831,0.032611649483442307,0.020499598421156406,0.08165023662149903,25.7539422364761,26.756889223093793,18.925074684620373,31.51423797037552,0.9199522292613983,0.9288152754306793,0.8213160753250122,0.971864879131317,0.8327144259214401,0.8364037275314331,0.7930366277694703,0.8610483944416046,0.815782373547554,0.8219738006591797,0.7609840035438538,0.8472338706254959,0.09001019388437272,0.08425210043787956,0.041693258471786974,0.16062270253896707,0.1044636831432581,0.09611456841230392,0.043029839359223845,0.20683300495147705,0.048049277777777774,0.027039583333333332,0.0012638888888888886,0.15190520833333332,0.06168886111111111,0.03677361111111111,0.001373611111111111,0.18064166666666667,0.06461312400177122,0.05558352544903755,0.02447782689705491,0.14532160311937334,0.44234411388635636,0.4518252909183502,0.3186805844306946,0.5974660366773605,0.043884742176160216,0.03822093456983566,0.013837244175374509,0.10955574922263622,0.1530286665260792,0.15345409512519836,0.08408462591469289,0.21764393150806427,0.9285442805499237,0.9392532105962944,0.8237853322703826,0.9879164348235334,0.9524258132936051,0.9640895060360085,0.8799964777977777,0.9833219309611027,0.30740200702439396,0.29947800181233475,0.2016898069235462,0.4386812796783475,0.6320201836291062,0.6197154863017751,0.44096518389324174,0.838547244553205,36.29254173233154,36.39274528023554,32.71082335236726,39.61619316337294,29.63087539551762,30.170860732504664,24.4532026151805,33.42760583275785,36.291001324808896,36.4577519004191,32.634305954319004,39.38538774727116,27.423989534960572,27.713540957038376,23.85669137785772,30.978473618073608,1.3479488695733237,1,22,22,22,22,3,223
LOLv2_1.0rh_0.3rl_0.05crh_0.05crl_0.2er_0.2smv3_20260717-174512,cr=0.05 er=0.2 sm=0.2v3,100,RetinexPixelTrans,24,paired,datasets/LOLv2,4,384,42,10000,paired_pixel,1.0,0.3,0.05,0.05,0.2,0.2,v3,9.718215424642969,9.825046727604462,6.128033403386111,12.716967267530812,0.43826795890927317,0.4354507774114609,0.291677950322628,0.5627981424331665,6.932972039229984,6.8250637979137245,4.875459829612988,9.754889506968903,0.49984304696321485,0.5002745240926743,0.32289780378341676,0.6364203184843062,2.2687270028374864,2.1372906176827824,1.5249710668188954,3.0602398256020136,0.9755495833333333,0.9951041666666667,0.8574052083333334,1.0,0.024811989176087082,0.02224498614668846,0.009885356016457082,0.046958060935139656,0.7998418007663957,0.8102169932943403,0.711978697631294,0.8829950720368624,-2.7852433854129846,-2.7903026621220035,-7.77644815495926,3.3530763525376583,0.41899077624082565,0.4158468544483185,0.3014482736587525,0.537399411201477,7.242737045429646,7.0950224292067094,5.245622449748951,9.763231810875467,0.04392080275341868,0.03747984580695629,0.025134376529604194,0.08071690909564495,25.004045799143586,25.49408332188456,19.125074413295025,29.263007921543146,0.8785806828737259,0.8864412009716034,0.7770616888999939,0.9466893315315247,0.8048035198450089,0.8098827004432678,0.7633881986141204,0.8358071863651275,0.7864031285047531,0.7887542247772217,0.7313990592956543,0.8203571408987046,0.09506954357028008,0.08879679068922997,0.04453884866088629,0.1755557306110859,0.11081881534308195,0.10223346203565598,0.0591854564845562,0.21181154251098633,0.02153713888888889,0.0081875,0.0004198611111111111,0.09903847222222223,0.030259499999999998,0.011944444444444445,0.0007319444444444445,0.10428472222222222,0.06627715583890677,0.056758999824523926,0.025911068823188544,0.14797310158610344,0.45597025513648987,0.46433156728744507,0.32900819182395935,0.6147866755723953,0.04299793040379882,0.03739223629236221,0.012921502068638801,0.11078859306871891,0.15072964861989022,0.15419048070907593,0.0826604463160038,0.21466350555419922,0.9112579388552254,0.9207400205844092,0.7896637403877038,0.9845139823421991,0.9440902684579349,0.9546646854190614,0.8736753588994507,0.9791549352621969,0.21020214263444978,0.1995498986908652,0.12298337468559306,0.31795214048125764,0.4698711422862538,0.4653970804647187,0.30697481474203575,0.641914287812302,35.79349487758898,36.180181065672656,32.114153923366615,39.25231751675752,29.32284450345874,29.77276861192648,24.06609005756378,33.291442959204566,35.77448413878087,36.16694237057108,32.089516094513364,39.19502228193787,26.980205065666656,27.355359232834353,23.16502289553317,29.915640154924606,1.2687270028374864,1,18,17,18,18,7,185
LOLv2_1.0rh_0.3rl_0.05crh_0.05crl_0.3er_0.1smv3_20260717-160114,cr=0.05 er=0.3 sm=0.1v3,100,RetinexPixelTrans,24,paired,datasets/LOLv2,4,384,42,10000,paired_pixel,1.0,0.3,0.05,0.05,0.3,0.1,v3,9.718215424642969,9.825046727604462,6.128033403386111,12.716967267530812,0.47249536782503126,0.4704362452030182,0.3264173954725266,0.5943233221769333,6.252635321296709,6.167272973122429,4.394802034271914,8.771129030471142,0.4460717886686325,0.45028436183929443,0.24198664352297783,0.6018881946802139,2.3656155819504097,2.2296156508924723,1.5994725942965662,3.1755158862746695,0.9779325833333332,0.9942458333333333,0.8981633333333333,1.0,0.02437921772710979,0.02250714600086212,0.009542952431365848,0.04436233155429363,0.699611577496694,0.735411922538346,0.4878533094140364,0.8427935271790674,-3.465580103346259,-3.5117329201384675,-8.253389867263499,2.511056131331406,0.45696537792682645,0.4593852013349533,0.33366362303495406,0.5759298801422119,6.489482399978331,6.286712095617071,4.519128503153763,8.928245374570984,0.040367465391755106,0.029624716378748417,0.018196261394768955,0.08002741448581215,26.073719926534267,27.14586557276312,19.00575033572358,32.647807906041734,0.923313627243042,0.9295331835746765,0.8296303153038025,0.9735801100730895,0.8392324119806289,0.8447707891464233,0.7915811538696289,0.8672911763191223,0.8244946032762528,0.8336428999900818,0.7557756900787354,0.8584196358919143,0.09292882632464171,0.08505155518651009,0.04164601545780897,0.1827284090220928,0.10653580360114574,0.09863896667957306,0.04348428454250097,0.21330444514751434,0.060101944444444444,0.0379125,0.0014407638888888888,0.17386041666666663,0.07387502777777778,0.045925,0.002704166666666667,0.22285555555555556,0.06385492842644452,0.05434268154203892,0.023573656845837832,0.14353836029767988,0.43823525577783584,0.4484612047672272,0.31479451060295105,0.5926146417856215,0.04377162676304579,0.03799675591289997,0.01345239751972258,0.11031137146055699,0.1512142350524664,0.150765523314476,0.0823610708117485,0.21874527633190155,0.9296414462977911,0.9402289287872043,0.8356942410030264,0.9875142262533743,0.950703901643744,0.9619336590837297,0.8782438262593967,0.9833995705454023,0.3122598566364797,0.3053759787575895,0.19889948455779644,0.442685813205419,0.6042286143584014,0.595095812920624,0.41943811445618145,0.8038477226066626,36.41271211622497,36.634880795018944,32.858034052542735,39.59977048260106,29.593058305740826,30.065070773236553,24.393487637524608,33.659160925002524,36.35323833953631,36.6329608920598,32.86232539801164,39.31817125834745,27.505900740502593,27.770078039394892,23.87345011809954,31.08723693968098,1.3656155819504097,1,24,24,24,24,1,241
LOLv2_1.0rh_0.3rl_0.1crh_0.1crl_0.2er_0.1smv3_20260717-141642,cr=0.1 er=0.2 sm=0.1v3,100,RetinexPixelTrans,24,paired,datasets/LOLv2,4,384,42,10000,paired_pixel,1.0,0.3,0.1,0.1,0.2,0.1,v3,9.718215424642969,9.825046727604462,6.128033403386111,12.716967267530812,0.4697050884366035,0.46469587087631226,0.3244686245918274,0.5866655260324478,6.31341887894771,6.201554538385228,4.504916750736775,8.826527285117026,0.4428011919558048,0.4455867111682892,0.2399668887257576,0.5984999090433121,2.358671143427584,2.215261163360714,1.5948746329582253,3.1475166968089088,0.9777883749999999,0.9947833333333334,0.895401875,1.0,0.0240091472864151,0.022067874670028687,0.009657353954389691,0.04319734368473291,0.7292898188888227,0.7733700362377347,0.5304372192525111,0.8622886833839525,-3.404796545695259,-3.4414978230242346,-8.14327515079864,2.643359138792452,0.4507238492369652,0.4493432641029358,0.32648268193006513,0.5747823715209961,6.601575857661064,6.45243814371584,4.654952198878969,9.09098216732665,0.040411702021956444,0.03267141059041023,0.020839899219572543,0.08630380704998969,25.849864830471926,26.46627375002131,18.81970635125316,31.189676765700845,0.921762370467186,0.929066002368927,0.8308064848184585,0.9722090482711792,0.8363822251558304,0.8431216478347778,0.7989372581243515,0.8609612047672273,0.8181284701824189,0.8265557885169983,0.7586641311645508,0.8508197665214539,0.08899915393441915,0.0819716677069664,0.04533845745027065,0.15791408941149704,0.10540364153683185,0.09743641316890717,0.04364383649080992,0.20828256011009216,0.05468168055555555,0.04125277777777778,0.0010399305555555554,0.16033951388888887,0.06695761111111112,0.040494444444444444,0.0014986111111111112,0.19899722222222221,0.06396384505555033,0.054815176874399185,0.02421958576887846,0.14574449434876444,0.4406959253549576,0.4506806284189224,0.3151494562625885,0.5968655079603195,0.043962383307516575,0.03786196559667587,0.013783710356801749,0.11146080903708935,0.15339332796633243,0.1546265333890915,0.08438603393733501,0.2182965874671936,0.9327037564205657,0.9428319490712278,0.8370806384129001,0.9882798724369254,0.9545242833385725,0.964677907297707,0.9008740721099917,0.9835855734399807,0.3228327937868512,0.317247100596975,0.21265593708634636,0.4600854172060254,0.6440690369666956,0.6355515411211106,0.4562943723060622,0.842475387000336,36.42607802384417,36.55551477022317,32.81441323827173,39.74883681107351,29.83748791647818,30.42704111673502,24.615432270724526,33.72431958378564,36.38801089152728,36.67118460618998,32.789814772145206,39.51146387789755,27.631714984772604,28.05543772227783,23.985055049244064,31.10228294427614,1.3586711434275842,1,23,23,23,23,2,232
