run,label,image_set,n_images,dataset,model.name,model.dim,data.mode,data.path,data.batch_size,data.crop_size,training.seed,training.max_iterations,loss.mode,loss.recon_weight,loss.anchor_version,loss.anchor_weight,loss.bdsp_weight,loss.smooth_weight,loss.smooth_version,loss.r_tv_weight,loss.r_consistency_weight,loss.r_sat_weight,input_low_mean_mean,input_low_mean_median,input_low_mean_p05,input_low_mean_p95,input_low_gray_std_mean,input_low_gray_std_median,input_low_gray_std_p05,input_low_gray_std_p95,r_low_mean_mean,r_low_mean_median,r_low_mean_p05,r_low_mean_p95,r_low_std_mean,r_low_std_median,r_low_std_p05,r_low_std_p95,r_low_gray_std_mean,r_low_gray_std_median,r_low_gray_std_p05,r_low_gray_std_p95,r_low_bright_095_mean,r_low_bright_095_median,r_low_bright_095_p05,r_low_bright_095_p95,r_low_dark_005_mean,r_low_dark_005_median,r_low_dark_005_p05,r_low_dark_005_p95,r_low_mean_gain_vs_input_mean,r_low_mean_gain_vs_input_median,r_low_mean_gain_vs_input_p05,r_low_mean_gain_vs_input_p95,r_low_contrast_gain_vs_input_mean,r_low_contrast_gain_vs_input_median,r_low_contrast_gain_vs_input_p05,r_low_contrast_gain_vs_input_p95,r_low_tv_to_input_mean,r_low_tv_to_input_median,r_low_tv_to_input_p05,r_low_tv_to_input_p95,r_low_input_gray_corr_mean,r_low_input_gray_corr_median,r_low_input_gray_corr_p05,r_low_input_gray_corr_p95,r_low_input_chroma_l1_mean,r_low_input_chroma_l1_median,r_low_input_chroma_l1_p05,r_low_input_chroma_l1_p95,l_low_mean_mean,l_low_mean_median,l_low_mean_p05,l_low_mean_p95,l_low_std_mean,l_low_std_median,l_low_std_p05,l_low_std_p95,l_low_bright_095_mean,l_low_bright_095_median,l_low_bright_095_p05,l_low_bright_095_p95,l_low_tv_to_input_mean,l_low_tv_to_input_median,l_low_tv_to_input_p05,l_low_tv_to_input_p95,l_low_input_gray_corr_mean,l_low_input_gray_corr_median,l_low_input_gray_corr_p05,l_low_input_gray_corr_p95,self_low_l1_mean,self_low_l1_median,self_low_l1_p05,self_low_l1_p95,self_low_psnr_mean,self_low_psnr_median,self_low_psnr_p05,self_low_psnr_p95,anchor_target_mean,anchor_target_median,anchor_target_p05,anchor_target_p95,anchor_abs_error_mean,anchor_abs_error_median,anchor_abs_error_p05,anchor_abs_error_p95,input_low_highref_psnr_mean,input_low_highref_psnr_median,input_low_highref_psnr_p05,input_low_highref_psnr_p95,r_low_highref_l1_mean,r_low_highref_l1_median,r_low_highref_l1_p05,r_low_highref_l1_p95,r_low_highref_psnr_mean,r_low_highref_psnr_median,r_low_highref_psnr_p05,r_low_highref_psnr_p95,r_low_highref_ssim_mean,r_low_highref_ssim_median,r_low_highref_ssim_p05,r_low_highref_ssim_p95,r_low_highref_mean_ratio_mean,r_low_highref_mean_ratio_median,r_low_highref_mean_ratio_p05,r_low_highref_mean_ratio_p95,r_low_highref_overbright_010_mean,r_low_highref_overbright_010_median,r_low_highref_overbright_010_p05,r_low_highref_overbright_010_p95,r_low_highref_chroma_l1_mean,r_low_highref_chroma_l1_median,r_low_highref_chroma_l1_p05,r_low_highref_chroma_l1_p95,r_low_highref_gray_corr_mean,r_low_highref_gray_corr_median,r_low_highref_gray_corr_p05,r_low_highref_gray_corr_p95,r_low_highref_psnr_gain_vs_input_mean,r_low_highref_psnr_gain_vs_input_median,r_low_highref_psnr_gain_vs_input_p05,r_low_highref_psnr_gain_vs_input_p95,r_low_highref_mean_ratio_abs_err,rank_self_recon,rank_r_noise,rank_l_leakage_corr,rank_anchor_diagnostic,rank_r_bright,rank_full_recon,rank_highref,rank_highref_scale,rank_highref_overbright,canonical_anchor_penalty,pure_single_rank_score
LOLv2_1.0r_0.05anchorv3_0.1bdsp_0.1smv4_0.02rtv_0.0rcons_0.0rsat_20260727-112119,r1-a3-sm0.1v4-0.02rtv,best,100,LOLv2,RetinexPixelTrans,24,pure_low_single,/home/ipr4090/2024_hzf/Datasets/LOLv2,8,384,42,10000,pure_low_single_pixel,1.0,v3,0.05,0.1,0.1,v4,0.02,0.0,0.0,0.055691269244998697,0.046056926250457764,0.01882943119853735,0.12520217970013617,0.042298272466287014,0.03508896380662918,0.014242716925218703,0.10489877574145794,0.4220683467388153,0.4202652722597122,0.27988060787320135,0.5754491180181504,0.2041425362229347,0.2088577002286911,0.15604060590267183,0.24577247947454453,0.17504725396633147,0.17798758298158646,0.1270891807973385,0.2200003482401371,0.0020785555555555553,0.00078125,2.708333333333334e-06,0.006698194444444444,0.0140255,0.0035055555555555556,1.7500000000000002e-05,0.057518263888888886,9.007951092162969,8.717805591610873,4.480835601622373,16.260360536785562,5.163731734686027,4.795528468304971,1.7402661969038367,8.23244959294033,8.316357845857818,8.007672875019528,5.03652268532231,12.697784179330075,0.8835471363874536,0.9175844015998084,0.734500843821645,0.9798478411267276,0.05630684744566679,0.054147807881236076,0.014586567180231214,0.11396573334932324,0.107865623049438,0.09548002108931541,0.05375672522932291,0.19221479147672652,0.03975159596651792,0.033036744222044945,0.014296611724421381,0.1083631843328476,0.0,0.0,0.0,0.0,0.13749937054232392,0.1305340305453045,0.0763601187947692,0.21248894013777736,0.8681401529168494,0.8858012681766394,0.728867487833709,0.9708792171902006,0.004831928294152021,0.004632884170860052,0.003357562131714076,0.006619009561836719,40.93584134542624,40.9337153496506,33.965989804559236,46.61112504143741,0.055691269244998697,0.046056926250457764,0.01882943119853735,0.12520217970013617,0.05217435380443931,0.05040041729807854,0.035457320138812067,0.06998952738940714,9.718215424642969,9.825046727604462,6.128033403386111,12.716967267530812,0.12472178071737289,0.10996798798441887,0.0675955917686224,0.20329060554504394,16.979137203807525,17.266123017919575,12.67874924153796,21.116497344543195,0.5007397705316543,0.49601656198501587,0.3529612496495247,0.6712766200304031,1.1776412428238061,1.1493719167235232,0.7437750028266992,1.6616254696706332,0.371596,0.27570416666666664,0.0009241666666666667,0.898904375,0.050731894178316,0.04955608956515789,0.016978451143950225,0.08961818180978297,0.9159102984885056,0.9289862082635342,0.8459220357712277,0.9591977207865139,7.260921779164558,8.103463137366335,0.3893905714592425,13.22369612921126,0.1776412428238061,12,1,1,21,1,14,1,1,1,12,61
LOLv2_1.0r_0.05anchorv3_0.1bdsp_0.1smv4_0.01rtv_0.0rcons_0.0rsat_20260727-080939,r1-a3-sm0.1v4-0.01rtv,best,100,LOLv2,RetinexPixelTrans,24,pure_low_single,/home/ipr4090/2024_hzf/Datasets/LOLv2,8,384,42,10000,pure_low_single_pixel,1.0,v3,0.05,0.1,0.1,v4,0.01,0.0,0.0,0.055691269244998697,0.046056926250457764,0.01882943119853735,0.12520217970013617,0.042298272466287014,0.03508896380662918,0.014242716925218703,0.10489877574145794,0.44187724992632865,0.4400395601987839,0.3128122970461845,0.5857838571071625,0.2074311828613281,0.21162956207990646,0.15737763047218323,0.24770550578832626,0.17457663312554358,0.17899378389120102,0.1286862909793854,0.21840997263789177,0.00266575,0.00115,1.388888888888889e-05,0.007568124999999993,0.008713208333333333,0.0025465277777777778,1.2222222222222224e-05,0.03826395833333333,9.581510807436711,9.1471722947691,4.5870105619407555,18.238158720489945,5.169178328121324,4.765801765602947,1.7166107735649785,8.47498949153585,8.911403507541175,8.5276941703461,5.1683430014578855,14.096105424099493,0.8699571338695555,0.8962946619606291,0.7242003276465775,0.9696615899683309,0.05369916728697717,0.050815027207136154,0.013208085997030139,0.11110364161431786,0.10167895194143056,0.08974047377705574,0.046271838992834095,0.18906628638505935,0.0413660931494087,0.033608799800276756,0.014728912198916077,0.11103210821747779,0.0,0.0,0.0,0.0,0.13936793247793072,0.13076034084619587,0.07793794005951782,0.2128186383892252,0.8725981497235981,0.8848789168833471,0.7312075628889719,0.9715410267172904,0.004870146717876196,0.0046698099467903376,0.0034503509756177663,0.006731731025502085,40.880618420717276,40.903468181359976,33.90159612302179,46.1427648373119,0.055691269244998697,0.046056926250457764,0.01882943119853735,0.12520217970013617,0.04598768269643187,0.043696729466319084,0.027792258374392986,0.06680320538580418,9.718215424642969,9.825046727604462,6.128033403386111,12.716967267530812,0.13235113184899092,0.11486214399337769,0.07444939762353897,0.22008540481328964,16.434619239756373,16.766247998506245,11.954239346794637,20.3755558849845,0.47199013352394104,0.46384479105472565,0.30669521242380143,0.6391543239355086,1.2343588905026959,1.2027311777441798,0.8129987643441958,1.7148534845927452,0.4312223333333333,0.41986666666666667,0.0043475,0.9090404166666666,0.05210836555808782,0.05064582638442516,0.018328338395804167,0.08988761082291602,0.9022092916936351,0.9121550403779333,0.8184039167379301,0.9482036559096224,6.716403815113402,7.359855101387585,-0.200995131902485,12.422575675350615,0.23435889050269587,14,2,2,20,3,13,2,2,2,12,81
LOLv2_1.0r_0.05anchorv2_0.1bdsp_0.1smv2_20260724-080743,r1-a2-sm0.1v2,best,100,LOLv2,RetinexPixelTrans,24,pure_low_single,/home/ipr4090/2024_hzf/Datasets/LOLv2,8,384,42,10000,pure_low_single_pixel,1.0,v2,0.05,0.1,0.1,v2,,,,0.055691269244998697,0.046056926250457764,0.01882943119853735,0.12520217970013617,0.042298272466287014,0.03508896380662918,0.014242716925218703,0.10489877574145794,0.47630113750696185,0.46973440051078796,0.3672103688120842,0.6070086121559143,0.21055015817284584,0.2147597074508667,0.156315328925848,0.24825298488140105,0.16943404547870158,0.17311011999845505,0.12423666305840016,0.2106519915163517,0.0035236805555555555,0.001579861111111111,3.868055555555556e-05,0.012644652777777769,0.0028930555555555554,0.0009847222222222223,6.875e-06,0.012074861111111104,10.609982273744452,9.956761108916718,4.757048634849706,21.39942236618579,5.0385322525858305,4.677672973843602,1.6474218577803927,8.69839902700166,10.091982239014246,9.375011379936142,5.37875672072697,16.788775410805023,0.83850492739421,0.8544830397973862,0.7145967066849704,0.9455038900273242,0.049637771882116793,0.04721066355705261,0.012447890220209956,0.1017086938023567,0.09634283013641834,0.08643241971731186,0.04058423992246389,0.18379486501216888,0.04355215160176158,0.035478152334690094,0.015555391693487764,0.11311746425926685,0.0,0.0,0.0,0.0,0.15978405009944863,0.16036105426891878,0.09234616006787831,0.23454092361167747,0.8831011060364784,0.8937063807198147,0.747944525526166,0.9736631336170969,0.004516737894155085,0.004358277888968587,0.0030695123714394867,0.0064144062111154195,41.27591086776202,41.25329152743348,34.14755718118165,47.0359645782472,0.055691269244998697,0.046056926250457764,0.01882943119853735,0.12520217970013617,0.04065156089141965,0.03999691642820835,0.021754808723926544,0.06239661872386932,9.718215424642969,9.825046727604462,6.128033403386111,12.716967267530812,0.15191065564751624,0.1327853426337242,0.09292117767035961,0.24358002468943596,15.193391255410736,15.357300643197322,11.15077184282694,18.56892086830805,0.42663966611027715,0.42362356185913086,0.26238720044493674,0.6000647991895676,1.3332252019110395,1.3003921603762807,0.9135932634162346,1.809446031849757,0.5447167083333333,0.5337041666666666,0.03996854166666666,0.9425395833333333,0.054149397360160945,0.052367040887475014,0.018809498753398657,0.09158801063895224,0.8655043483062527,0.8717273483549519,0.7928007962708763,0.9217305728146301,5.475175830767767,5.511839252908212,-0.9678956649051732,11.45872787554826,0.33322520191103955,7,7,6,18,7,10,6,5,6,0,101
LOLv2_1.0r_0.05anchorv3_0.1bdsp_0.1smv4_0.0rtv_0.0rcons_0.0rsat_20260727-045814,r1-a3-sm0.1v4,best,100,LOLv2,RetinexPixelTrans,24,pure_low_single,/home/ipr4090/2024_hzf/Datasets/LOLv2,8,384,42,10000,pure_low_single_pixel,1.0,v3,0.05,0.1,0.1,v4,0.0,0.0,0.0,0.055691269244998697,0.046056926250457764,0.01882943119853735,0.12520217970013617,0.042298272466287014,0.03508896380662918,0.014242716925218703,0.10489877574145794,0.4684077996015549,0.46262191236019135,0.3612542748451233,0.5972375333309173,0.20913428902626038,0.21217332035303116,0.15809910222887993,0.2453578494489193,0.16992857843637466,0.1733725443482399,0.12474498003721236,0.21306699514389038,0.0032155,0.0015541666666666668,3.576388888888889e-05,0.008617986111111097,0.003041236111111111,0.0009722222222222222,8.26388888888889e-06,0.014490902777777773,10.426604108103652,9.842567028144497,4.694004599664986,21.113959275228105,5.042218159986761,4.6848250004918315,1.6651464923019008,8.584145008166951,9.904188567638675,9.259392089172913,5.345675082067893,16.557544991924317,0.8435395171982161,0.8620845064025479,0.7199406915480236,0.9449680467271614,0.05117196786683053,0.04870518669486046,0.012696100305765868,0.10477443784475324,0.09700230222195387,0.08640984073281288,0.04031767267733812,0.18616516292095184,0.043030469082295894,0.035449193790555,0.015378716681152581,0.11140512041747569,0.0,0.0,0.0,0.0,0.14359992573328242,0.13712757880387122,0.08065096518799805,0.21843272884152598,0.8744250255472736,0.8860130517086432,0.7258748590480125,0.9711942247541198,0.004836950481403619,0.004599196137860417,0.0033894869266077876,0.00677193917799741,40.883383845694134,40.887038116386364,33.913047351137465,46.582623454013515,0.055691269244998697,0.046056926250457764,0.01882943119853735,0.12520217970013617,0.041311032976955174,0.039974337443709373,0.021488241478800775,0.06254915744066238,9.718215424642969,9.825046727604462,6.128033403386111,12.716967267530812,0.14596465483307838,0.12554820626974106,0.08625273369252681,0.2312465652823448,15.519339620536549,15.832420205907152,11.5383760873318,19.120139062009795,0.4345965524017811,0.43026329576969147,0.26373792439699173,0.6153970479965211,1.3106833597317444,1.275653099813721,0.9002438745747037,1.783962338764537,0.5190575416666667,0.5052770833333333,0.035242291666666675,0.9252260416666667,0.05353845992125571,0.05158151872456074,0.018857924081385136,0.09161635935306549,0.8699935857158235,0.8748652799011176,0.799421816820675,0.9248929121347985,5.801124195893578,5.984542442371425,-0.6143003446562924,11.421280182022453,0.31068335973174444,13,5,4,19,6,15,3,4,4,12,105
LOLv2_1.0r_0.05anchorv3_0.1bdsp_0.1smv4_0.01rtv_0.05rcons_0.0rsat_20260727-143329,r1-a3-sm0.1v4-0.01rtv-0.05rcons,best,100,LOLv2,RetinexPixelTrans,24,pure_low_single,/home/ipr4090/2024_hzf/Datasets/LOLv2,8,384,42,10000,pure_low_single_pixel,1.0,v3,0.05,0.1,0.1,v4,0.01,0.05,0.0,0.055691269244998697,0.046056926250457764,0.01882943119853735,0.12520217970013617,0.042298272466287014,0.03508896380662918,0.014242716925218703,0.10489877574145794,0.4620563501119614,0.46533091366291046,0.3365398287773132,0.6061652094125748,0.2114161142706871,0.21514875441789627,0.1600402794778347,0.24961713030934335,0.17258804388344287,0.17534444481134415,0.12384217530488968,0.21556160673499106,0.002479763888888889,0.0010715277777777778,2.3541666666666665e-05,0.007565694444444439,0.007832430555555554,0.0018486111111111112,2.0833333333333333e-05,0.031097569444444435,10.064902688802016,9.557680910202096,4.723775407185375,19.13727247581643,5.096463004385818,4.735697944734413,1.6878074625283,8.741618414296699,9.620841762843684,9.16494240475048,5.521564344853928,15.029640501541696,0.84572631099036,0.8683619148174371,0.7087993960784353,0.9496067595891655,0.052009939262643454,0.05033928528428078,0.015071746846660973,0.10209564156830309,0.0955763878300786,0.08490489050745964,0.041470704786479476,0.18189118802547455,0.04228297220543027,0.03484559990465641,0.015704733179882167,0.10402621887624262,0.0,0.0,0.0,0.0,0.15293538926120934,0.1454918753375838,0.08676625175018733,0.22471902005739885,0.8738516260495234,0.8858579122503949,0.7214325429434331,0.9721898298664986,0.005492757963947952,0.005091570317745209,0.0036104399943724273,0.008060258906334638,40.11571101496295,39.97346056640751,33.4335576702107,45.839796622788214,0.055691269244998697,0.046056926250457764,0.01882943119853735,0.12520217970013617,0.039885118585079905,0.03897281177341938,0.023673862125724553,0.05842478796839714,9.718215424642969,9.825046727604462,6.128033403386111,12.716967267530812,0.1470553308725357,0.12495052069425583,0.0891398660838604,0.23831171467900278,15.504548093058785,15.92035455114015,11.242602226195157,18.864312124266466,0.4390172483026981,0.42606428265571594,0.2720773845911026,0.6008103966712952,1.2910024867847936,1.2641742011840245,0.8578822133243112,1.7903389300723447,0.48774949999999995,0.4989020833333333,0.024146666666666667,0.9207837499999999,0.05694954923354089,0.055562879890203476,0.021708465926349164,0.09886737875640388,0.875225661198085,0.8803547316320937,0.8002986542442656,0.9286450587823551,5.786332668415817,6.216877519997694,-0.7449368931131619,11.159456015955003,0.29100248678479357,18,3,3,17,2,12,4,3,3,12,107
LOLv2_1.0r_0.05anchorv3_0.1bdsp_0.1smv4_0.01rtv_0.05rcons_0.005rsat_20260727-174536,r1-a3-sm0.1v4-0.01rtv-0.05rcons-0.005rsat,best,100,LOLv2,RetinexPixelTrans,24,pure_low_single,/home/ipr4090/2024_hzf/Datasets/LOLv2,8,384,42,10000,pure_low_single_pixel,1.0,v3,0.05,0.1,0.1,v4,0.01,0.05,0.005,0.055691269244998697,0.046056926250457764,0.01882943119853735,0.12520217970013617,0.042298272466287014,0.03508896380662918,0.014242716925218703,0.10489877574145794,0.47766819000244143,0.4764871597290039,0.3620251268148422,0.6123121947050094,0.2146805517375469,0.21817930787801743,0.15680001601576804,0.2512304991483688,0.17148956827819348,0.17391716688871384,0.12527293264865874,0.2136763110756874,0.0031992777777777774,0.0015368055555555556,6.638888888888889e-05,0.00927895833333333,0.0048993472222222225,0.0012618055555555555,3.5625000000000005e-05,0.020144652777777775,10.546812835739724,10.12038690734624,4.814255755501516,21.040705024792757,5.096564903087204,4.723633522683767,1.6696531822262337,8.869252331979856,10.016636585414313,9.42470095925773,5.428290650141523,16.189887866609805,0.834094210193298,0.8523057712502895,0.7026479780631032,0.9356599897160178,0.045429616253823045,0.04369926266372204,0.012087351456284524,0.09470689482986926,0.09533092886209488,0.08399221301078796,0.04030219614505768,0.18417760878801345,0.043283300967887045,0.0353124774992466,0.015486943302676082,0.11012729108333587,0.0,0.0,0.0,0.0,0.1523220084034876,0.1439605895513844,0.0864847368567583,0.2243360926470567,0.8753345449321095,0.8873039381192147,0.7221438022164618,0.9735998185511836,0.004465949789155274,0.0043594741728156805,0.00317461994709447,0.006266036606393755,41.1960178994304,40.884841246293945,33.98289891250212,46.79747767304557,0.055691269244998697,0.046056926250457764,0.01882943119853735,0.12520217970013617,0.03963965961709619,0.03762894682586193,0.022425941471010447,0.0601529885083437,9.718215424642969,9.825046727604462,6.128033403386111,12.716967267530812,0.15592191703617572,0.1355895847082138,0.09848237559199334,0.24588964134454727,14.975877747442503,15.303182033704761,11.088074945700084,18.070604823182606,0.42279055669903753,0.41105300188064575,0.2487362317740917,0.5936430543661118,1.335909444109771,1.3055920949853705,0.9198333058313113,1.8111679136673862,0.5467240833333333,0.53715625,0.04999041666666666,0.944593125,0.057431470872834324,0.0544317327439785,0.019570227805525066,0.10003409199416637,0.8641332210054251,0.8682667982963264,0.7955694466262102,0.9221799238871502,5.2576623227995345,5.431706937180997,-1.1755905591620603,11.247224369267325,0.33590944410977097,9,6,5,16,5,11,7,6,7,12,119
LOLv2_1.0r_0.05anchorv2_0.08bdsp_0.1smv2_20260724-044405,r1-a2-sm0.1v2,best,100,LOLv2,RetinexPixelTrans,24,pure_low_single,/home/ipr4090/2024_hzf/Datasets/LOLv2,8,384,42,10000,pure_low_single_pixel,1.0,v2,0.05,0.08,0.1,v2,,,,0.055691269244998697,0.046056926250457764,0.01882943119853735,0.12520217970013617,0.042298272466287014,0.03508896380662918,0.014242716925218703,0.10489877574145794,0.48468962162733076,0.48041220009326935,0.3803644195199013,0.6185598254203797,0.21253486201167107,0.21730998903512955,0.15633530989289282,0.2501045882701874,0.1688166057318449,0.17091868817806244,0.12436948157846928,0.21185584887862202,0.003686972222222222,0.0017305555555555555,6.895833333333333e-05,0.013033541666666659,0.0020673611111111114,0.0007,2.6944444444444448e-05,0.006988611111111104,10.783960083968452,10.18710541449109,4.859513074372143,21.65702796557167,5.006730622125849,4.646753814934696,1.6458980037826911,8.78724565285297,10.30808721577799,9.565382866399535,5.554514326610995,17.11655222209435,0.8311475316969671,0.8512695626857503,0.701534236847323,0.9334150623470959,0.04732647931203246,0.045410605147480965,0.011547798803076149,0.09874564968049525,0.09469013527035713,0.08476636931300163,0.040308766253292556,0.18059496507048606,0.043715647598728535,0.03572198376059532,0.015955444797873496,0.11179276295006274,0.0,0.0,0.0,0.0,0.16281613796909794,0.16049633981894007,0.09345215032187604,0.2342234856681749,0.8848067124109545,0.8957896522668314,0.7434655229642647,0.975191794623912,0.004342371104285121,0.00412778789177537,0.00298858341993764,0.0061641858192160726,41.48929251512931,41.4885420569533,34.157780568382265,47.271083413117196,0.055691269244998697,0.046056926250457764,0.01882943119853735,0.12520217970013617,0.03899886602535844,0.038330866023898125,0.021660984214395284,0.05825514830648899,9.718215424642969,9.825046727604462,6.128033403386111,12.716967267530812,0.15900104150176048,0.14017097651958466,0.10235527083277703,0.24270862117409706,14.78461377375879,14.943196762600916,10.994098137762448,17.98248813137325,0.412507404088974,0.4055063724517822,0.2448461525142193,0.5939171761274338,1.3557024362707193,1.33096214511041,0.924898265174024,1.8427428907327659,0.5735164583333333,0.5767791666666666,0.05698958333333334,0.9505412500000001,0.05563436612486839,0.05422885715961456,0.019704230781644582,0.09632426537573337,0.857021096397905,0.8601545956040411,0.7789984147416851,0.9181162243808598,5.066398349115822,5.14090289472432,-1.1806202905168661,11.278485074128012,0.3557024362707193,6,8,7,15,8,8,8,8,8,0,120
LOLv2_1.0r_0.05anchorv2_0.1bdsp_0.1smv2_0.0rtv_0.0rcons_0.0rsat_20260727-014711,r1-a2-sm0.1v2,best,100,LOLv2,RetinexPixelTrans,24,pure_low_single,/home/ipr4090/2024_hzf/Datasets/LOLv2,8,384,42,10000,pure_low_single_pixel,1.0,v2,0.05,0.1,0.1,v2,0.0,0.0,0.0,0.055691269244998697,0.046056926250457764,0.01882943119853735,0.12520217970013617,0.042298272466287014,0.03508896380662918,0.014242716925218703,0.10489877574145794,0.4840801340341568,0.47390279173851013,0.3613239124417305,0.6171995550394058,0.2036958833038807,0.20758949220180511,0.15303993746638297,0.24816359654068945,0.16831991836428642,0.17163579165935516,0.12021601386368275,0.21242366433143614,0.003122347222222222,0.00133125,1.1041666666666668e-05,0.013455069444444443,0.0022995138888888887,0.00046805555555555554,0.0,0.010211527777777776,10.699322034815063,9.96220374721852,4.762738641253125,21.167501315674663,4.963717612364201,4.697715990454752,1.636154346184601,8.14886853141034,9.847201070463404,9.1988206830442,5.536666870932536,15.873069022599305,0.840578539088246,0.8615944894509484,0.7019082540412576,0.9479806188526747,0.06928347832523286,0.06751517951488495,0.019943067897111175,0.13183208480477332,0.08633541330695152,0.075848538428545,0.036043554171919824,0.1723768763244152,0.043465261217206716,0.03461664542555809,0.01592740654014051,0.11452484466135501,0.0,0.0,0.0,0.0,0.17524492552048923,0.16919410650217537,0.10261823303766522,0.24275411726196172,0.8893445118402563,0.901173852307041,0.7554292725840471,0.9783091699787375,0.008286994844675065,0.008114783093333244,0.00603262719232589,0.01120955809019506,37.98599602724212,38.18646303746239,33.3556062243214,42.00178051639799,0.055691269244998697,0.046056926250457764,0.01882943119853735,0.12520217970013617,0.03064414406195283,0.029948072507977486,0.017375284153968093,0.049513125047087665,9.718215424642969,9.825046727604462,6.128033403386111,12.716967267530812,0.15381125755608083,0.1346057504415512,0.08573945835232735,0.2642168074846267,15.300077522395052,15.284733642609806,10.642167000514753,19.330473504163592,0.45471052199602124,0.4443800449371338,0.28645798861980437,0.5960286766290664,1.3551662221047334,1.349070809868126,0.8925480479455642,1.8705012876086686,0.5383418333333334,0.5421458333333333,0.027880833333333337,0.9460645833333333,0.04775960794650018,0.047467418015003204,0.016541537083685397,0.082369477301836,0.8671642331939754,0.8746109341873401,0.7797227740024865,0.9245748257884647,5.581862097752083,5.375155532708064,-1.436004721761787,12.344842669528655,0.35516622210473336,20,4,10,9,4,9,5,7,5,0,135
LOLv2_1.0r_0.05anchorv2_0.05bdsp_0.1smv2_20260726-061302,r1-a2-sm0.1v2,best,100,LOLv2,RetinexPixelTrans,24,pure_low_single,/home/ipr4090/2024_hzf/Datasets/LOLv2,8,384,42,10000,pure_low_single_pixel,1.0,v2,0.05,0.05,0.1,v2,0.0,0.0,0.0,0.055691269244998697,0.046056926250457764,0.01882943119853735,0.12520217970013617,0.042298272466287014,0.03508896380662918,0.014242716925218703,0.10489877574145794,0.5075874316692353,0.499611958861351,0.40367026031017306,0.6397230654954911,0.21619436152279378,0.221655435860157,0.16074609979987142,0.2508613109588623,0.16533929906785488,0.16792307049036026,0.12058166936039924,0.2050001673400402,0.00449775,0.0026145833333333333,0.00027611111111111114,0.016227777777777775,0.0012204444444444444,0.0004326388888888889,2.4097222222222225e-05,0.004954930555555555,11.358197552656241,10.7219252352353,5.061808983123184,23.516981474795482,4.922827667761462,4.609105000956541,1.5831305166972305,8.81542881915102,10.967592286958473,10.116743805319462,5.716200704256319,18.393657942741168,0.7997905271617074,0.8200342033590426,0.6643631191239979,0.9096732936932742,0.04350383300334215,0.04211716167628765,0.0103894529864192,0.09325850382447241,0.09105504650622606,0.0801844634115696,0.03627302665263415,0.1763480044901371,0.04488418415188789,0.03689681924879551,0.016552232205867767,0.11512090750038623,0.0,0.0,0.0,0.0,0.1719058896435884,0.1658530108500307,0.09970684011220417,0.2399599772314961,0.8890335636264618,0.9010621533130143,0.7478492973462086,0.9775323962810274,0.004164909932296723,0.004017864353954792,0.0028420053538866343,0.00600001469720155,41.61150600211789,41.50538587225013,34.22137265932564,47.68526356433911,0.055691269244998697,0.046056926250457764,0.01882943119853735,0.12520217970013617,0.03536377726122737,0.034580932930111885,0.018438484892249106,0.054229377582669255,9.718215424642969,9.825046727604462,6.128033403386111,12.716967267530812,0.17780043587088584,0.1560363546013832,0.11177955493330956,0.2641610294580459,13.806738077066615,14.106068117719527,10.359350355091037,16.932120381142514,0.38556934490799905,0.3730785399675369,0.2174783818423748,0.5574544697999954,1.4205920812691,1.3703067976608305,0.9793743463344611,1.928643678405395,0.6396519583333333,0.6810375,0.153928125,0.9709820833333334,0.0578608210105449,0.05723172798752785,0.02017951067537069,0.09916549660265445,0.8222414935998695,0.8236198898743439,0.7340931830415207,0.8996427771967184,4.088522652423648,4.237798175408055,-1.9430917345593002,10.69058570186289,0.42059208126909997,4,9,9,13,11,6,10,12,10,0,142
LOLv2_1.0r_0.05anchorv1_0.05bdsp_0.0smv1_20260723-151945,r1-a1-sm0v1,best,100,LOLv2,RetinexPixelTrans,24,pure_low_single,/home/ipr4090/2024_hzf/Datasets/LOLv2,8,384,42,10000,pure_low_single_pixel,1.0,v1,0.05,0.05,0.0,v1,,,,0.055691269244998697,0.046056926250457764,0.01882943119853735,0.12520217970013617,0.042298272466287014,0.03508896380662918,0.014242716925218703,0.10489877574145794,0.5051463946700097,0.5013881623744965,0.402465857565403,0.6313706696033478,0.21548084534704684,0.22187386453151703,0.1568376965820789,0.2522201299667358,0.16368946976959706,0.16586007922887802,0.11796912662684918,0.2045143276453018,0.004157097222222223,0.0022368055555555557,0.00021555555555555556,0.016559444444444443,0.001605125,0.0005666666666666667,3.8611111111111116e-05,0.005912708333333333,11.296415422708623,10.626167785151027,5.017492801700528,23.172611704158165,4.885891845226795,4.544275703661581,1.552892636027598,8.827408355576475,10.97540689375893,10.0884270279373,5.691125150119963,18.51350864321385,0.7989085466316928,0.8194795619751982,0.6609705746623838,0.9128679238625309,0.04267778556793928,0.040700800716876984,0.010167297814041376,0.09192574135959146,0.09152242921292782,0.08080785721540451,0.03680983744561672,0.17832218855619428,0.04557305769994855,0.036954935640096664,0.01716344761662185,0.11625312119722367,0.0,0.0,0.0,0.0,0.19615194855166393,0.19043131378898182,0.11822707325109845,0.26520285772086644,0.8946230950384788,0.905382380275404,0.7561559616597348,0.9802734473712901,0.004047622152138501,0.003866085084155202,0.0027865049079991875,0.005855164979584515,41.98312091305306,41.652274826730526,34.56677453091706,47.784164538980576,0.06862152436748147,0.06045062467455864,0.02881842404603958,0.13796107545495034,0.022900904845446348,0.022668804973363876,0.010482142213732004,0.040356406942009926,9.718215424642969,9.825046727604462,6.128033403386111,12.716967267530812,0.17651484072208404,0.15733622014522552,0.11115486398339272,0.2595820024609566,13.857086615384844,14.052743387782517,10.60364108201093,16.969378848690006,0.3859376360476017,0.37671153247356415,0.21831036806106568,0.563249033689499,1.413958636152732,1.3797113143434836,0.9807462845083396,1.9258878066974048,0.6370334583333334,0.6615291666666667,0.13095375,0.9687602083333332,0.058619928760454056,0.057589488103985786,0.02030455656349659,0.10056593529880045,0.8216431963223414,0.8245304201998576,0.736944852968596,0.9002736294945999,4.138871190741876,4.165555400512739,-1.9415212140203724,10.655999104625675,0.4139586361527321,1,10,17,3,9,3,9,9,9,12,151
LOLv2_1.0r_0.05anchorv2_0.05bdsp_0.1smv3_20260726-092924,r1-a2-sm0.1v3,best,100,LOLv2,RetinexPixelTrans,24,pure_low_single,/home/ipr4090/2024_hzf/Datasets/LOLv2,8,384,42,10000,pure_low_single_pixel,1.0,v2,0.05,0.05,0.1,v3,0.0,0.0,0.0,0.055691269244998697,0.046056926250457764,0.01882943119853735,0.12520217970013617,0.042298272466287014,0.03508896380662918,0.014242716925218703,0.10489877574145794,0.5072754007577897,0.49805815517902374,0.40180588364601133,0.636266130208969,0.21639792278409004,0.22135388851165771,0.16096221879124642,0.2511818930506706,0.16510235726833344,0.16799884289503098,0.12067246958613397,0.2041347041726112,0.004576069444444444,0.0025965277777777775,0.0002797222222222222,0.01758222222222222,0.001279722222222222,0.00044583333333333335,3.458333333333334e-05,0.004779305555555555,11.341852821233742,10.705046438486946,5.055345925066256,23.408141882555253,4.920509386372704,4.593155325630821,1.5734148814050342,8.891059852485526,10.978738614407565,10.13266646676264,5.764335284200854,18.494050724376365,0.7996901353694801,0.8199061973176438,0.6612148380484524,0.9120378172950562,0.043072564783506094,0.04102044552564621,0.010377304628491402,0.09239761680364607,0.09098172862082719,0.08028899505734444,0.036472981236875056,0.17582147270441056,0.04495379400439561,0.036940133199095726,0.016622448991984128,0.11503191962838172,0.0,0.0,0.0,0.0,0.17611655306004712,0.17110612789524451,0.10380882405401301,0.24448165839770444,0.8906435597129472,0.9022572808625104,0.7484417574443383,0.9781482443694238,0.004147664923220873,0.0040194198954850435,0.0028208618867211046,0.005993783799931407,41.693731965352924,41.46310923729566,34.272294476299834,47.68276226161546,0.055691269244998697,0.046056926250457764,0.01882943119853735,0.12520217970013617,0.0352904593758285,0.03461963124573231,0.018659535236656664,0.05360202603042125,9.718215424642969,9.825046727604462,6.128033403386111,12.716967267530812,0.17803352974355222,0.15742889791727066,0.11230890043079853,0.2621604725718498,13.798014220101166,14.109395858144357,10.429275782576665,16.89720635468151,0.3849262845516205,0.3742976784706116,0.21694951578974725,0.5597888886928559,1.419721623867604,1.3656580429572016,0.9830623822692809,1.9321912305176825,0.6397535,0.6817708333333333,0.155635625,0.96962375,0.05830943562090397,0.056391824036836624,0.020368261076509953,0.09966327548027037,0.8222975778741771,0.8231062650046796,0.7367418757294923,0.8996196055121649,4.079798795458196,4.226056719999301,-1.9271159074708688,10.729208482155746,0.41972162386760403,3,11,12,12,12,7,11,11,11,0,155
LOLv2_1.0r_0.05anchorv2_0.05bdsp_0.0smv1_20260723-184140,r1-a2-sm0v1,best,100,LOLv2,RetinexPixelTrans,24,pure_low_single,/home/ipr4090/2024_hzf/Datasets/LOLv2,8,384,42,10000,pure_low_single_pixel,1.0,v2,0.05,0.05,0.0,v1,,,,0.055691269244998697,0.046056926250457764,0.01882943119853735,0.12520217970013617,0.042298272466287014,0.03508896380662918,0.014242716925218703,0.10489877574145794,0.5071380439400673,0.5013487637042999,0.40248722285032273,0.637288099527359,0.21580114111304283,0.22126557677984238,0.15900284945964815,0.2519122436642647,0.16398727610707284,0.16599681973457336,0.11902885101735593,0.20488365069031714,0.004266722222222222,0.002427777777777778,0.00024256944444444445,0.017093125,0.0013124444444444444,0.0004736111111111111,2.9375000000000003e-05,0.005100138888888889,11.33052336184892,10.662747339680317,5.052087539287311,22.99499497057566,4.890773135497424,4.561122282670565,1.548943459006358,8.806352107017716,11.006821149182997,10.032706004600396,5.733794929126581,18.66669540405343,0.7989142024795138,0.8192778340455892,0.6588622496170048,0.908935860917409,0.042847078358754516,0.04119897447526455,0.010162716824561357,0.0921790800988674,0.09113892529159784,0.08062277361750603,0.037018604949116705,0.17686649709939958,0.04543231715448201,0.037121858447790146,0.017135884519666432,0.11598860584199427,0.0,0.0,0.0,0.0,0.19950400271371266,0.192285430343,0.11966504052488514,0.2693798613768966,0.8952099753096188,0.9063445007619426,0.7566709301810273,0.9801321337897604,0.0040645923186093565,0.0038660853169858456,0.002824742649681866,0.005904995882883668,41.93073705844767,41.71496158001804,34.51644365480308,47.75155986758037,0.055691269244998697,0.046056926250457764,0.01882943119853735,0.12520217970013617,0.03544765604659915,0.03490434214472771,0.018526867777109147,0.055403411760926245,9.718215424642969,9.825046727604462,6.128033403386111,12.716967267530812,0.1780621086806059,0.1570897102355957,0.1137305174022913,0.2619629859924316,13.793905062138135,14.080267710677148,10.509767420731778,16.81423068327207,0.38447510614991187,0.375715047121048,0.21789618730545043,0.559187263250351,1.4194308568240104,1.3776960843965589,0.9837192570340559,1.9347345565838667,0.6406375833333334,0.6664583333333334,0.14779437500000003,0.9716068750000001,0.05854758283123374,0.057011425495147705,0.0202457414008677,0.10176121965050697,0.8220389094018314,0.822572780884555,0.7361857724626077,0.9003458136458049,4.0756896374951666,4.134800772781904,-2.0162307709298215,10.629667552269007,0.4194308568240104,2,12,18,14,10,4,12,10,12,0,168
LOLv2_1.0r_0.05anchorv2_0.05bdsp_0.1smv1_20260723-215946,r1-a2-sm0.1v1,best,100,LOLv2,RetinexPixelTrans,24,pure_low_single,/home/ipr4090/2024_hzf/Datasets/LOLv2,8,384,42,10000,pure_low_single_pixel,1.0,v2,0.05,0.05,0.1,v1,,,,0.055691269244998697,0.046056926250457764,0.01882943119853735,0.12520217970013617,0.042298272466287014,0.03508896380662918,0.014242716925218703,0.10489877574145794,0.5096245616674423,0.49999186396598816,0.405908939242363,0.6407286614179611,0.2172445061057806,0.22197335958480835,0.15982434079051017,0.25454657822847365,0.16598550245165825,0.16880199313163757,0.1200514879077673,0.2069429025053978,0.005247041666666666,0.0026833333333333336,0.00024993055555555554,0.020160277777777767,0.0012521388888888888,0.0005250000000000001,2.1388888888888896e-05,0.0036709722222222213,11.421856213109315,10.734430314838558,5.0659664502752255,23.401234586856262,4.9517795684459465,4.601803908650826,1.566331471293825,8.801018940699407,11.016998261116344,10.169088852827189,5.7470094893344905,18.488648425819644,0.8012787272055231,0.8187371560637335,0.6646680196071164,0.9094715090618735,0.043691039560362695,0.04208584688603878,0.010299569088965654,0.0938187878578901,0.09064819000661373,0.07962127774953842,0.03636539839208126,0.17678915187716482,0.04476166650652885,0.03678559884428978,0.016959144920110702,0.1147878859192133,0.0,0.0,0.0,0.0,0.17536755535226012,0.17249600203562634,0.1059051571301763,0.24172672766123127,0.8912971398591939,0.9027679333571961,0.7585815537132639,0.9781565142727201,0.004198940247297287,0.0039993280079215765,0.0028713274630717935,0.006023680604994297,41.60161857988224,41.4525114266533,34.286152770469734,47.616443339468105,0.055691269244998697,0.046056926250457764,0.01882943119853735,0.12520217970013617,0.03495692076161504,0.034083571285009384,0.017539165075868366,0.05366083346307277,9.718215424642969,9.825046727604462,6.128033403386111,12.716967267530812,0.17896346122026444,0.1572820320725441,0.1106871746480465,0.2647496595978737,13.758689316630873,13.965461041839234,10.353357679151715,17.027512090844336,0.384458050429821,0.37434999644756317,0.21830062717199325,0.5516696721315383,1.426970350279156,1.3829199477277119,0.97595728608943,1.946248976738715,0.6454264999999999,0.68733125,0.15036083333333333,0.9707485416666667,0.05778253756463528,0.0565511342138052,0.020122343301773073,0.09873072952032089,0.8244420426761352,0.8255837543595624,0.7413986371866664,0.9014035353463375,4.0404738919879035,4.162188312798386,-2.085123944431977,10.76654876342843,0.426970350279156,5,13,13,11,13,5,13,13,13,0,184
LOLv2_1.0r_0.08anchorv2_0.08bdsp_0.1smv2_20260725-202313,r1-a2-sm0.1v2,best,100,LOLv2,RetinexPixelTrans,24,pure_low_single,/home/ipr4090/2024_hzf/Datasets/LOLv2,8,384,42,10000,pure_low_single_pixel,1.0,v2,0.08,0.08,0.1,v2,0.0,0.0,0.0,0.055691269244998697,0.046056926250457764,0.01882943119853735,0.12520217970013617,0.042298272466287014,0.03508896380662918,0.014242716925218703,0.10489877574145794,0.5208200985193252,0.515976071357727,0.41166740506887434,0.6647063434123993,0.22062087774276734,0.22592879831790924,0.16532325148582458,0.2570027604699135,0.1723378774523735,0.17279881983995438,0.1258667889982462,0.2132222719490528,0.006954875,0.003557638888888889,0.0003038888888888889,0.02408833333333333,0.001070875,0.00040208333333333334,8.055555555555557e-06,0.0034905555555555558,11.590245600805524,11.035348604569219,5.276270598269192,23.149372046413262,5.129291601063532,4.779004785064462,1.6519207099108304,9.125674225627609,11.023101272514568,10.165172322559258,5.984428198355385,18.295627093434167,0.8065698568551509,0.8260971231606287,0.676973348513024,0.9211840643649346,0.048358707861043515,0.04649977758526802,0.012159154424443841,0.10075463242828844,0.08743621097877621,0.07729316502809525,0.03561704065650702,0.16790767386555672,0.04336749188601971,0.035472745075821877,0.016036619292572142,0.11037974581122398,0.0,0.0,0.0,0.0,0.16826513449019276,0.16475954143021843,0.10058758636880819,0.23621267727160575,0.8901507385207793,0.9011973748940503,0.7455688399330611,0.9778759194765967,0.004729434070177376,0.004543455084785819,0.0032914777752012015,0.006756196729838848,40.94642631584171,40.62620893304769,34.070903045888656,46.56507634358394,0.055691269244998697,0.046056926250457764,0.01882943119853735,0.12520217970013617,0.031744941733777524,0.03089861012995243,0.016787609457969664,0.04886612743139267,9.718215424642969,9.825046727604462,6.128033403386111,12.716967267530812,0.18654199622571468,0.17215202748775482,0.11182784661650658,0.28033230900764466,13.512164543078834,13.578682763203453,10.118182871354351,17.00418287688791,0.38796120569109915,0.37894564867019653,0.22116747051477434,0.5578333139419556,1.4560163445802545,1.4246063706308902,1.0070085268482778,1.9702267092990877,0.6729655833333333,0.7330145833333334,0.15130479166666666,0.9734858333333333,0.05541518429294229,0.05373457819223404,0.01884840950369835,0.09674556069076061,0.8345045576493184,0.840904971683277,0.7417931807062773,0.9070517373893476,3.793949118435865,3.6089150905151985,-2.48856330819521,10.664041781055207,0.45601634458025453,11,14,11,10,14,19,14,14,14,0,209
LOLv2_1.0r_0.1anchorv2_0.1bdsp_0.1smv2_20260726-025642,r1-a2-sm0.1v2,best,100,LOLv2,RetinexPixelTrans,24,pure_low_single,/home/ipr4090/2024_hzf/Datasets/LOLv2,8,384,42,10000,pure_low_single_pixel,1.0,v2,0.1,0.1,0.1,v2,0.0,0.0,0.0,0.055691269244998697,0.046056926250457764,0.01882943119853735,0.12520217970013617,0.042298272466287014,0.03508896380662918,0.014242716925218703,0.10489877574145794,0.53479278922081,0.5256244838237762,0.4149398431181908,0.6822990268468857,0.2218852899968624,0.22645767033100128,0.16048676744103432,0.26140417605638505,0.17659945629537105,0.17777782678604126,0.1290398195385933,0.21837273985147473,0.01021476388888889,0.005427083333333333,0.0005188888888888888,0.028332916666666666,0.0012048611111111112,0.0003409722222222222,0.0,0.0062119444444444435,11.906685504462285,11.254927064394401,5.392833910932428,24.1312085297461,5.27505343756388,4.952327649699695,1.6640394352209515,9.212456590481889,11.200817102519952,10.50036459158729,6.0405491588552405,18.360904744045605,0.8046332942901203,0.8184939357822183,0.6708051740496849,0.9286615203772433,0.05535384383052588,0.05410580523312092,0.014823540952056647,0.10964587181806562,0.08440466912463307,0.07421530410647392,0.03430317547172308,0.16452592611312863,0.04270897403359413,0.03507264330983162,0.016060695378109814,0.11026355773210525,0.0,0.0,0.0,0.0,0.17009920278582283,0.1681365195366828,0.10511525387398198,0.2392565697473846,0.8931104405498786,0.903116515999876,0.7668918802667822,0.9781648596413537,0.005420688253361732,0.0051156096160411835,0.003776522749103606,0.007725140172988176,40.13699563287937,40.00685982135335,33.93407333212971,45.48005788685371,0.055691269244998697,0.046056926250457764,0.01882943119853735,0.12520217970013617,0.02871339987963438,0.028549565002322197,0.015251189470291138,0.044516174122691154,9.718215424642969,9.825046727604462,6.128033403386111,12.716967267530812,0.1959038382023573,0.1777547150850296,0.11415413431823254,0.2982089355587959,13.200955234821206,13.161253785204734,9.572104886556643,16.94868273124393,0.3914741829037666,0.3865498751401901,0.22452057376503945,0.5406450062990189,1.4961961386442,1.4699410347683772,1.02039692785626,2.0305045013681418,0.6997279583333333,0.7538833333333333,0.14564583333333334,0.9739391666666667,0.052024701032787564,0.05121595598757267,0.0181919869966805,0.08743212744593618,0.8358178613099071,0.843435462808283,0.7233855755041448,0.9079743849083841,3.482739810178237,3.215744489607287,-2.7685964874695035,10.827369272690765,0.4961961386442,17,15,14,7,16,21,15,15,15,0,245
LOLv2_1.0r_0.08anchorv2_0.05bdsp_0.1smv2_20260724-145502,r1-a2-sm0.1v2,best,100,LOLv2,RetinexPixelTrans,24,pure_low_single,/home/ipr4090/2024_hzf/Datasets/LOLv2,8,384,42,10000,pure_low_single_pixel,1.0,v2,0.08,0.05,0.1,v2,,,,0.055691269244998697,0.046056926250457764,0.01882943119853735,0.12520217970013617,0.042298272466287014,0.03508896380662918,0.014242716925218703,0.10489877574145794,0.5451365485787392,0.5346783995628357,0.4378431364893913,0.6849193125963211,0.22587499186396598,0.2312171533703804,0.1668838806450367,0.26197133511304854,0.1702135656028986,0.17208147794008255,0.12365978099405765,0.21194114461541175,0.010402986111111113,0.005840972222222221,0.0014052777777777776,0.03253104166666665,0.0006108472222222223,0.00024930555555555556,8.194444444444445e-06,0.0022917361111111107,12.207182961888162,11.540981887909737,5.443446357294745,24.65922768796359,5.080497189076578,4.789222580797391,1.5862343119274944,9.11295435889463,11.712099767118104,10.740639075192918,6.164233371077775,19.45150218487565,0.7779289197154956,0.795470798146952,0.63798463449132,0.8977982397421338,0.04462842216715217,0.042646054178476334,0.011281734937801957,0.09632551074028013,0.08435233922675252,0.07400024309754372,0.034001047350466246,0.16381040215492249,0.04388034524396062,0.035986609756946564,0.01646286714822054,0.11321702338755131,0.0,0.0,0.0,0.0,0.17373312666480614,0.17087203792313452,0.10516096370108943,0.23671888032257768,0.8932077000616929,0.9062536579651693,0.7553235915588231,0.9793801146882158,0.004535025844816119,0.004361475585028529,0.003097389335744083,0.006539597199298441,41.04061630164035,40.650261703516364,34.06236248514952,47.05663109267784,0.055691269244998697,0.046056926250457764,0.01882943119853735,0.12520217970013617,0.028661069981753825,0.028193827718496323,0.0151716161519289,0.0409753918647766,9.718215424642969,9.825046727604462,6.128033403386111,12.716967267530812,0.20772419221699237,0.1876651719212532,0.12627115771174433,0.3008806109428406,12.547885514718882,12.706136883405234,9.49719766263585,16.035714448640903,0.36174770414829255,0.3561319410800934,0.20208404585719109,0.5161587506532669,1.5248753113681905,1.4818322572216007,1.058063212649102,2.0743403606550004,0.72976075,0.7902791666666666,0.287803125,0.9810902083333333,0.0579473801702261,0.056127989664673805,0.02022773316130042,0.09957458563148976,0.801390467901913,0.8056161023968766,0.700564480622609,0.88884214199462,2.8296700900759153,2.8552234293655054,-3.199447749411918,9.92484080106294,0.5248753113681905,10,17,15,6,17,17,17,16,18,0,247
LOLv2_1.0r_0.08anchorv2_0.05bdsp_0.05smv2_20260724-113129,r1-a2-sm0.05v2,best,100,LOLv2,RetinexPixelTrans,24,pure_low_single,/home/ipr4090/2024_hzf/Datasets/LOLv2,8,384,42,10000,pure_low_single_pixel,1.0,v2,0.08,0.05,0.05,v2,,,,0.055691269244998697,0.046056926250457764,0.01882943119853735,0.12520217970013617,0.042298272466287014,0.03508896380662918,0.014242716925218703,0.10489877574145794,0.5456119829416275,0.5350601971149445,0.43644056022167205,0.687062394618988,0.22450248941779136,0.2308322638273239,0.16503708884119989,0.2625299423933029,0.16985332749783993,0.17209915071725845,0.12192402780056,0.21158355996012687,0.009541055555555556,0.004932638888888889,0.0010943055555555556,0.029224166666666634,0.0006980694444444445,0.0002576388888888889,9.652777777777779e-06,0.0025081944444444435,12.198977979350191,11.537315371729047,5.450227527491958,24.341765310798085,5.070773315486651,4.762299527647105,1.581890764863921,9.116296255116248,11.738201896014603,10.675117558122693,6.101097143840296,19.384015490495216,0.7773014999994249,0.7954345461227638,0.6408513794724026,0.9009821736123034,0.04532340275589377,0.04357166402041912,0.011137342592701317,0.09725114256143569,0.08461245836690068,0.07411076501011848,0.034495084173977376,0.163411258906126,0.044186275461688636,0.03647838719189167,0.016939074452966454,0.11341597996652127,0.0,0.0,0.0,0.0,0.18224743447495623,0.17835077611003441,0.11307426467728558,0.2458892041191347,0.8954719371759229,0.908126197713809,0.7594103946734346,0.9801832564583401,0.004450381824281067,0.004311986733227968,0.003125429176725447,0.006323561002500356,41.23352627820406,40.989254187637506,34.18068998596315,47.12509988221174,0.055691269244998697,0.046056926250457764,0.01882943119853735,0.12520217970013617,0.02892118912190199,0.028104115277528763,0.016047181189060213,0.04287101402878761,9.718215424642969,9.825046727604462,6.128033403386111,12.716967267530812,0.2080009061843157,0.18739014863967896,0.12574418485164643,0.3023782908916473,12.555995948853303,12.607092734900872,9.381408310221909,16.032236447733645,0.36084120005369186,0.35277578234672546,0.20310105755925179,0.5132600098848342,1.5266173194471135,1.4891870559795106,1.0552617948213614,2.072809762551005,0.7268387083333333,0.7891875,0.269839375,0.9814102083333333,0.05706730354577303,0.05624138005077839,0.019879142567515374,0.09678763113915918,0.8013995716739849,0.8042882522055186,0.6881257814395029,0.8893758404045364,2.837780524210335,2.759456702812048,-3.178584436942745,10.032911399576918,0.5266173194471135,8,20,19,8,15,16,16,18,17,0,255
LOLv2_1.0r_0.08anchorv2_0.05bdsp_0.2smv2_20260724-181848,r1-a2-sm0.2v2,best,100,LOLv2,RetinexPixelTrans,24,pure_low_single,/home/ipr4090/2024_hzf/Datasets/LOLv2,8,384,42,10000,pure_low_single_pixel,1.0,v2,0.08,0.05,0.2,v2,,,,0.055691269244998697,0.046056926250457764,0.01882943119853735,0.12520217970013617,0.042298272466287014,0.03508896380662918,0.014242716925218703,0.10489877574145794,0.5450121906399726,0.5369832515716553,0.43755369782447817,0.6820865273475647,0.22735304668545722,0.23368996381759644,0.16754141226410865,0.26570815294981004,0.17183812998235226,0.17106155306100845,0.12366779148578644,0.2150424063205719,0.011897680555555557,0.007260416666666667,0.0016120833333333334,0.033264374999999964,0.0006505416666666667,0.00025625,9.652777777777779e-06,0.0019726388888888884,12.216917475845749,11.494008378624379,5.3945843841535766,24.634446618550765,5.128038990480658,4.831076110703806,1.615686930778801,9.149989199071172,11.73369479976404,10.742570402503238,6.139248678786759,19.627553199920637,0.7795611576955302,0.7971771257766938,0.6456725419326816,0.9019822525748922,0.04484518231358379,0.04300978407263756,0.011417083395645022,0.09659809172153472,0.08433356480672956,0.07449043169617653,0.033071153424680234,0.16582175269722937,0.04339674374088645,0.03551282361149788,0.01574985492043197,0.11235941499471663,0.0,0.0,0.0,0.0,0.160178625374791,0.1529649038338545,0.09066684938615444,0.22276285843714377,0.8881100640266214,0.9007361687400955,0.7469558292475609,0.9775023747824692,0.004588894108310342,0.004421400371938944,0.0029998880345374346,0.00664692441932857,40.87166122253893,40.35816582515109,33.89875716015485,47.226755057980874,0.055691269244998697,0.046056926250457764,0.01882943119853735,0.12520217970013617,0.02864229556173086,0.02833426184952259,0.014241722226142884,0.04194918423891066,9.718215424642969,9.825046727604462,6.128033403386111,12.716967267530812,0.2080881644040346,0.18785717338323593,0.1274348884820938,0.30540733635425565,12.537569632314744,12.573469778042057,9.45804093071537,15.98840709422453,0.36042092949151994,0.3555597513914108,0.20023108273744583,0.5109463661909103,1.5259001130138758,1.4924567305737297,1.05411550423736,2.0773357800671866,0.7262029166666666,0.786225,0.2723729166666667,0.9791160416666667,0.05804471715353429,0.05644839443266392,0.020319682359695435,0.09738504514098166,0.8027031956645827,0.8085824997518816,0.7023595439148801,0.8910177695895384,2.8193542076717755,2.7586116228992212,-3.114532531338098,9.81307494162821,0.5259001130138758,15,19,8,5,18,18,18,17,16,0,256
LOLv2_0.3r_0.05anchorv2_0.05bdsp_0.1smv1_20260723-115707,r0.3-a2-sm0.1v1,best,100,LOLv2,RetinexPixelTrans,24,pure_low_single,/home/ipr4090/2024_hzf/Datasets/LOLv2,8,384,42,10000,pure_low_single_pixel,0.3,v2,0.05,0.05,0.1,v1,,,,0.055691269244998697,0.046056926250457764,0.01882943119853735,0.12520217970013617,0.042298272466287014,0.03508896380662918,0.014242716925218703,0.10489877574145794,0.5856867551803588,0.5780034363269806,0.4696899205446244,0.7252406567335129,0.22059142515063285,0.2270427644252777,0.16494601741433143,0.2626343369483948,0.1900997396558523,0.19063741713762283,0.14178627654910086,0.2316199243068695,0.020965333333333332,0.012561111111111111,0.002238402777777778,0.062081319444444436,0.0006404305555555557,5.763888888888889e-05,0.0,0.003837916666666663,13.147520542063212,12.22092004331743,5.673778007024299,27.293504658927915,5.763103010773109,5.172216254095883,1.7689799003555113,10.15144638602913,11.556392816940813,11.180821250291537,6.426350469323618,19.609583471645223,0.8029319581534478,0.8249692677036471,0.6251834159815588,0.9427468535657865,0.08855630307458341,0.08562521263957024,0.02261837776750326,0.17247936725616453,0.07330534076318145,0.06246102415025234,0.025524104200303554,0.1513474464416504,0.04121955565176904,0.0340766254812479,0.014370098011568189,0.11025967970490455,0.0,0.0,0.0,0.0,0.15900581558234733,0.15387332233915604,0.09590675818101412,0.22652299425570718,0.8937076391044372,0.9017074007370521,0.7723737572889959,0.9752545710946434,0.008914368501864374,0.008494636975228786,0.0063693025847896935,0.01241284292191267,37.0010362419827,37.14993098070046,32.30972426915093,41.027108913629185,0.055691269244998697,0.046056926250457764,0.01882943119853735,0.12520217970013617,0.017614071518182756,0.017148448154330254,0.00658561820164323,0.029960255697369573,9.718215424642969,9.825046727604462,6.128033403386111,12.716967267530812,0.2320787373930216,0.22059884667396545,0.11674080975353718,0.3632711201906204,11.998313909926221,11.75530293566156,8.269051679461374,16.686686744566007,0.40776801988482475,0.404598593711853,0.2411619856953621,0.5493120014667511,1.6418068155621994,1.594243482665033,1.1194741384853681,2.2500239079229614,0.75352125,0.8330520833333334,0.24871791666666668,0.9796089583333333,0.04559222291223705,0.04099208116531372,0.013599794497713447,0.08126421757042408,0.8445652027960739,0.8553613385507555,0.7146810927549117,0.9176244251040153,2.280098485283253,1.9946964186871714,-4.127428223189806,10.711058896958434,0.6418068155621994,21,16,16,1,21,1,20,21,19,0,304
LOLv2_0.7r_0.1anchorv2_0.08bdsp_0.1smv2_20260724-012046,r0.7-a2-sm0.1v2,best,100,LOLv2,RetinexPixelTrans,24,pure_low_single,/home/ipr4090/2024_hzf/Datasets/LOLv2,8,384,42,10000,pure_low_single_pixel,0.7,v2,0.1,0.08,0.1,v2,,,,0.055691269244998697,0.046056926250457764,0.01882943119853735,0.12520217970013617,0.042298272466287014,0.03508896380662918,0.014242716925218703,0.10489877574145794,0.5691815474629403,0.5625880062580109,0.4399714812636375,0.7213480204343795,0.22463205143809317,0.2306382656097412,0.16033369600772857,0.26506756097078327,0.18272418022155762,0.18383196741342545,0.13332896530628205,0.22604728341102598,0.01827936111111111,0.012023611111111112,0.0010647222222222223,0.04632173611111111,0.0008649305555555556,9.375e-05,0.0,0.004528819444444442,12.717085009412989,11.764464281699253,5.7061069481394595,25.65560381112757,5.506125352542317,5.0628860824325415,1.6988793327218024,9.762530873389302,11.714278650024529,11.015010830452328,6.302325920156855,18.793844487696933,0.7931550425274609,0.8135643869675471,0.6418290882454729,0.9350339895783251,0.0663326901756227,0.06603290885686874,0.01799221206456423,0.1282751642167568,0.07723218573257327,0.06591710075736046,0.029727115388959644,0.15434357076883315,0.041801817268133167,0.03392747603356838,0.01478148028254509,0.10915056951344013,0.0,0.0,0.0,0.0,0.1709653918294246,0.16330377622930276,0.10787145965690807,0.23626758113767846,0.8991225984883673,0.9079396440049224,0.7802733932566307,0.9788574872143435,0.006902535278350115,0.006581942085176706,0.004676217725500464,0.010081151081249117,38.6442544338395,38.55466978186837,33.35633586153885,43.51545387170331,0.055691269244998697,0.046056926250457764,0.01882943119853735,0.12520217970013617,0.021540916487574578,0.02188611775636673,0.01101570287719369,0.032764564827084536,9.718215424642969,9.825046727604462,6.128033403386111,12.716967267530812,0.22188987731933593,0.20605454593896866,0.12003845125436784,0.331711819767952,12.265888127470486,12.04990348551767,8.996112593003819,16.457528969843434,0.3880551651120186,0.37918947637081146,0.229185476154089,0.5190902292728424,1.592365850663163,1.5652652031403693,1.0946734735888708,2.167938582568055,0.7676486250000001,0.840875,0.28518125,0.98353625,0.047251399355009195,0.045206379145383835,0.01574463229626417,0.08286593630909919,0.8291601874236239,0.8400903044540953,0.6925030573986624,0.9087453026925276,2.5476727028275183,2.1137645840959243,-3.740261529284129,10.375284548451543,0.592365850663163,19,18,21,2,20,2,19,20,20,0,310
LOLv2_1.0r_0.1anchorv2_0.05bdsp_0.1smv2_20260725-234018,r1-a2-sm0.1v2,best,100,LOLv2,RetinexPixelTrans,24,pure_low_single,/home/ipr4090/2024_hzf/Datasets/LOLv2,8,384,42,10000,pure_low_single_pixel,1.0,v2,0.1,0.05,0.1,v2,0.0,0.0,0.0,0.055691269244998697,0.046056926250457764,0.01882943119853735,0.12520217970013617,0.042298272466287014,0.03508896380662918,0.014242716925218703,0.10489877574145794,0.5646497476100921,0.5564440190792084,0.4531762659549713,0.7086767196655273,0.2290772970020771,0.2350471243262291,0.16842131540179253,0.2666295319795608,0.1725454631447792,0.17383843660354614,0.12397430613636971,0.21574097350239752,0.014951625,0.009564583333333335,0.002012222222222222,0.0403854861111111,0.00045630555555555555,0.00017569444444444447,5.347222222222224e-06,0.0016626388888888888,12.632546885171998,11.99633801709259,5.647876974260014,24.776031052164246,5.161628465973884,4.834477524625978,1.594408387515884,9.317610477219475,12.06068850490861,11.209197267368118,6.2891567666558466,19.954345458803893,0.7691237414012383,0.7867646526447429,0.628150960324651,0.8944339659719477,0.046081229732371866,0.0442845169454813,0.011552033433690668,0.09846221096813677,0.08101490249857307,0.07085303589701653,0.032884177006781104,0.15815885215997696,0.043210160043090584,0.035237619653344154,0.016331463493406775,0.11056874878704546,0.0,0.0,0.0,0.0,0.17489299939831027,0.16860194396858053,0.1077704368265534,0.23729044460842305,0.8958452888684881,0.9086446948403891,0.7606911833659494,0.9803498158112502,0.004818008607253432,0.0046132325660437346,0.0033159828977659344,0.0069934140425175415,40.658091275695035,40.26282077954214,33.976015574526485,46.5457116983753,0.055691269244998697,0.046056926250457764,0.01882943119853735,0.12520217970013617,0.02532363325357437,0.024615313857793808,0.014285258390009404,0.036308527737855895,9.718215424642969,9.825046727604462,6.128033403386111,12.716967267530812,0.22362934172153473,0.20588333159685135,0.13333992213010787,0.3230349078774452,11.975452255486676,11.932796044346073,8.929330460423055,15.484143516583627,0.3519901080429554,0.3430219888687134,0.1948480039834976,0.5005268096923828,1.57982927178671,1.543729734045589,1.090892169536018,2.16031153845902,0.7683318333333333,0.8311791666666666,0.34851354166666665,0.9851889583333332,0.05683546153828502,0.055523332208395004,0.019785627070814372,0.09696323946118354,0.7943102527657355,0.8010072350482034,0.6945017912941738,0.8846304402016579,2.257236830843708,2.1524733868051094,-3.786905814220794,9.589882646586387,0.57982927178671,16,21,20,4,19,20,21,19,21,0,313
