run,dataset,status,requested_image_set,target_image_set,returncode,report,details,has_report,has_details,stdout,stderr
BDDnight_0.3r_0.05anchorv2_0.05bdsp_0.1smv1_20260716-102043,BDDnight,ok,auto,final_best,0,experiments/RetinexPixelTrans/pure_low_single/BDDnight_0.3r_0.05anchorv2_0.05bdsp_0.1smv1_20260716-102043/decomposition_analysis.txt,experiments/RetinexPixelTrans/pure_low_single/BDDnight_0.3r_0.05anchorv2_0.05bdsp_0.1smv1_20260716-102043/decomposition_analysis_details.csv,True,True,"experiment: /home/ipr4090/2024_hzf/Retinex_TDN/experiments/RetinexPixelTrans/pure_low_single/BDDnight_0.3r_0.05anchorv2_0.05bdsp_0.1smv1_20260716-102043
mode: pure_low_single; iterations: [10000]
saved: /home/ipr4090/2024_hzf/Retinex_TDN/experiments/RetinexPixelTrans/pure_low_single/BDDnight_0.3r_0.05anchorv2_0.05bdsp_0.1smv1_20260716-102043/decomposition_analysis.txt
saved: /home/ipr4090/2024_hzf/Retinex_TDN/experiments/RetinexPixelTrans/pure_low_single/BDDnight_0.3r_0.05anchorv2_0.05bdsp_0.1smv1_20260716-102043/decomposition_analysis_details.csv",
BDDnight_0.3r_0.05anchorv2_0.05bdsp_0.5smv1_20260716-123043,BDDnight,ok,auto,final_best,0,experiments/RetinexPixelTrans/pure_low_single/BDDnight_0.3r_0.05anchorv2_0.05bdsp_0.5smv1_20260716-123043/decomposition_analysis.txt,experiments/RetinexPixelTrans/pure_low_single/BDDnight_0.3r_0.05anchorv2_0.05bdsp_0.5smv1_20260716-123043/decomposition_analysis_details.csv,True,True,"experiment: /home/ipr4090/2024_hzf/Retinex_TDN/experiments/RetinexPixelTrans/pure_low_single/BDDnight_0.3r_0.05anchorv2_0.05bdsp_0.5smv1_20260716-123043
mode: pure_low_single; iterations: [10000]
saved: /home/ipr4090/2024_hzf/Retinex_TDN/experiments/RetinexPixelTrans/pure_low_single/BDDnight_0.3r_0.05anchorv2_0.05bdsp_0.5smv1_20260716-123043/decomposition_analysis.txt
saved: /home/ipr4090/2024_hzf/Retinex_TDN/experiments/RetinexPixelTrans/pure_low_single/BDDnight_0.3r_0.05anchorv2_0.05bdsp_0.5smv1_20260716-123043/decomposition_analysis_details.csv",
BDDnight_1.0r_0.05anchorv2_0.05bdsp_0.0smv1_20260715-233953,BDDnight,ok,auto,final_best,0,experiments/RetinexPixelTrans/pure_low_single/BDDnight_1.0r_0.05anchorv2_0.05bdsp_0.0smv1_20260715-233953/decomposition_analysis.txt,experiments/RetinexPixelTrans/pure_low_single/BDDnight_1.0r_0.05anchorv2_0.05bdsp_0.0smv1_20260715-233953/decomposition_analysis_details.csv,True,True,"experiment: /home/ipr4090/2024_hzf/Retinex_TDN/experiments/RetinexPixelTrans/pure_low_single/BDDnight_1.0r_0.05anchorv2_0.05bdsp_0.0smv1_20260715-233953
mode: pure_low_single; iterations: [10000]
saved: /home/ipr4090/2024_hzf/Retinex_TDN/experiments/RetinexPixelTrans/pure_low_single/BDDnight_1.0r_0.05anchorv2_0.05bdsp_0.0smv1_20260715-233953/decomposition_analysis.txt
saved: /home/ipr4090/2024_hzf/Retinex_TDN/experiments/RetinexPixelTrans/pure_low_single/BDDnight_1.0r_0.05anchorv2_0.05bdsp_0.0smv1_20260715-233953/decomposition_analysis_details.csv",
BDDnight_1.0r_0.05anchorv2_0.05bdsp_0.1smv1_20260716-060543,BDDnight,ok,auto,final_best,0,experiments/RetinexPixelTrans/pure_low_single/BDDnight_1.0r_0.05anchorv2_0.05bdsp_0.1smv1_20260716-060543/decomposition_analysis.txt,experiments/RetinexPixelTrans/pure_low_single/BDDnight_1.0r_0.05anchorv2_0.05bdsp_0.1smv1_20260716-060543/decomposition_analysis_details.csv,True,True,"experiment: /home/ipr4090/2024_hzf/Retinex_TDN/experiments/RetinexPixelTrans/pure_low_single/BDDnight_1.0r_0.05anchorv2_0.05bdsp_0.1smv1_20260716-060543
mode: pure_low_single; iterations: [10000]
saved: /home/ipr4090/2024_hzf/Retinex_TDN/experiments/RetinexPixelTrans/pure_low_single/BDDnight_1.0r_0.05anchorv2_0.05bdsp_0.1smv1_20260716-060543/decomposition_analysis.txt
saved: /home/ipr4090/2024_hzf/Retinex_TDN/experiments/RetinexPixelTrans/pure_low_single/BDDnight_1.0r_0.05anchorv2_0.05bdsp_0.1smv1_20260716-060543/decomposition_analysis_details.csv",
BDDnight_1.0r_0.05anchorv2_0.05bdsp_0.5smv1_20260716-081309,BDDnight,ok,auto,final_best,0,experiments/RetinexPixelTrans/pure_low_single/BDDnight_1.0r_0.05anchorv2_0.05bdsp_0.5smv1_20260716-081309/decomposition_analysis.txt,experiments/RetinexPixelTrans/pure_low_single/BDDnight_1.0r_0.05anchorv2_0.05bdsp_0.5smv1_20260716-081309/decomposition_analysis_details.csv,True,True,"experiment: /home/ipr4090/2024_hzf/Retinex_TDN/experiments/RetinexPixelTrans/pure_low_single/BDDnight_1.0r_0.05anchorv2_0.05bdsp_0.5smv1_20260716-081309
mode: pure_low_single; iterations: [10000]
saved: /home/ipr4090/2024_hzf/Retinex_TDN/experiments/RetinexPixelTrans/pure_low_single/BDDnight_1.0r_0.05anchorv2_0.05bdsp_0.5smv1_20260716-081309/decomposition_analysis.txt
saved: /home/ipr4090/2024_hzf/Retinex_TDN/experiments/RetinexPixelTrans/pure_low_single/BDDnight_1.0r_0.05anchorv2_0.05bdsp_0.5smv1_20260716-081309/decomposition_analysis_details.csv",
